ÅõÂûÀÏ½Ã,±âÃÊ±Ý¾×,ÃßÁ¤°¡°Ý,ÅõÂû·ü,³«Âû±Ý¾×
2015-12-30,162925000,148113636,87.745,143277050
2015-12-30,80850000,73500000,87.745,70724140
2015-12-30,436741000,378855000,87.745,381591000
2015-12-30,317834000,288940000,87.745,279883000
2015-12-30,10661055000,10067320000,81.395,8708590000
2015-12-30,6319533083,5862275589,88,5460241922
2015-12-30,8303194345,7702406631,88,7136583303
2015-12-30,7669178322,7114265607,88,6608613385
2015-12-30,297204000,270900000,87.745,260245480
2015-12-30,1401233280,1273848436,86.745,1210480000
2015-12-30,2521277000,2292070000,86.745,2192339900
2015-12-30,517946000,470860000,87.745,455406000
2015-12-30,483614000,444090000,87.745,421151020
2015-12-30,2108942000,2060284000,86.745,1839903000
2015-12-30,1309282000,1190256364,86.745,1125683000
2015-12-30,894580000,813254546,87.745,781563000
2015-12-30,4758631000,4423960000,86.745,4123800000
2015-12-30,212868000,193516364,87.745,187328000
2015-12-30,11172501000,10726600000,81.395,9169400000
2015-12-30,14308114000,13397800000,81.395,11678652000
2015-12-30,3450315000,3136650000,86.745,2981527610
2015-12-30,1362861720,1251480000,86.745,1173515600
2015-12-30,507557000,461415456,87.745,443330000
2015-12-30,524981000,477255456,87.745,458915600
2015-12-30,529457000,481324547,87.745,459760000
2015-12-30,330442000,300401819,87.745,291735303
2015-12-30,563666000,512423639,87.745,496226000
2015-12-30,444086000,403714547,87.745,388569470
2015-12-30,533411000,484919093,87.745,462038000
2015-12-30,450315000,409377273,87.745,389482000
2015-12-30,456561000,415055455,87.745,400154800
2015-12-30,88693000,80630000,87.745,77466800
2015-12-30,3002348844,2869992000,86.745,2627836000
2015-12-30,315306500,286642273,87.745,274215814
2015-12-30,679379000,617617273,87.745,595904000
2015-12-30,3454721000,3140655457,86.745,2983390060
2015-12-30,4293795000,3903450000,86.745,3629878700
2015-12-30,3187173000,2897430000,86.745,2758466000
2015-12-30,2410755602,2191596002,86.745,2108357000
2015-12-30,55988000,52473000,87.745,48743713
2015-12-30,349811000,318010000,87.745,303870000
2015-12-30,220801000,206948000,87.745,192730000
2015-12-30,1458941000,1326310002,86.745,1258775000
2015-12-30,292490000,265900000,87.745,256909440
2015-12-30,163460000,148600000,87.745,141795800
2015-12-30,121490080,110445528,87.745,108550360
2015-12-30,178508000,162280000,87.745,157309609
2015-12-30,5201078540,4776500700,86.745,4479540000
2015-12-30,47828000,43480000,87.745,42238800
2015-12-30,199232000,181120000,87.745,174187000
2015-12-30,140767000,127970000,87.745,123104450
2015-12-30,14321296,13285062,87.745,12612100
2015-12-30,1834173000,1667430000,86.745,1575142000
2015-12-30,31946000,29041819,87.745,30800000
2015-12-30,161073000,146430000,87.745,143098470
2015-12-30,2206754000,2006140000,86.745,1908448000
2015-12-30,4083254000,3907421000,86.745,3573104000
2015-12-30,1251225934,1160691962,86.745,1085639140
2015-12-30,447359000,406690000,87.745,389206800
2015-12-30,110914000,103950000,87.745,97837200
2015-12-30,649882200,590802000,87.745,570183000
2015-12-30,1079000000,981141819,87.745,954751702
2015-12-30,4309990000,4039968000,86.745,3726224000
2015-12-30,498949000,453590000,87.745,434236000
2015-12-30,99462000,90420000,87.745,87236000
2015-12-30,121737000,110670000,87.745,106698900
2015-12-30,611617000,556015455,87.745,539377800
2015-12-30,189079000,171890000,87.745,165768000
2015-12-30,1701121000,1562095454,86.745,1475637400
2015-12-30,307415798,279468908,87.745,268257340
2015-12-30,2967426000,2697660000,86.745,2558811440
2015-12-30,314402698,285820635,87.745,274907100
2015-12-30,189338000,172125455,87.745,167424900
2015-12-30,186423575,169475979,87.745,160517000
2015-12-30,2212439882,2011308985,86.745,1896879000
2015-12-30,113883000,103530000,87.745,99141000
2015-12-30,445800000,405272730,87.745,396521600
2015-12-30,536377000,458135000,87.745,466666000
2015-12-30,2360655000,2146050000,86.745,2043028000
2015-12-30,128788000,117080000,87.745,112937000
2015-12-30,267641000,243310000,87.745,237785000
2015-12-30,1274085000,1313490000,86.745,1109639000
2015-12-30,5771541000,5404670000,85.995,4989502000
2015-12-30,231520000,210472728,87.745,200000000
2015-12-30,113245000,106135000,87.745,98589780
2015-12-30,36000000,32727273,87.745,31546125
2015-12-30,599606700,545097000,87.745,520216000
2015-12-30,3670598800,3336908000,86.745,3205681600
2015-12-30,12025260000,11470989000,79.995,9347757000
2015-12-30,99415000,90377835,87.745,87605490
2015-12-30,51271000,46610000,87.745,45054000
2015-12-30,1037311000,943010000,87.745,904987000
2015-12-30,3446209850,3132918045,86.745,3017257000
2015-12-30,13263464000,12420027000,81.395,10814490000
2015-12-30,735725000,668840000,87.745,642294000
2015-12-30,129943000,118130000,87.745,113857149
2015-12-30,152896800,138997090,87.745,133929999
2015-12-30,534263000,490600000,87.745,471549000
2015-12-30,200406000,182187273,87.745,176097000
2015-12-30,165000000,150000000,87.745,157500000
2015-12-30,160512000,145920000,87.745,149500000
2015-12-30,340140997,317147784,87.745,298575000
2015-12-30,1051886880,965920000,87.745,931296720
2015-12-30,310700000,282454546,87.745,274287300
2015-12-30,465762000,423420000,87.745,406381000
2015-12-30,482634000,438758182,87.745,423184410
2015-12-30,156189000,141990000,87.745,137019780
2015-12-30,272056734,247324304,87.745,241525900
2015-12-30,694553000,631411818,87.745,615222111
2015-12-30,1273400000,1169330000,86.745,1111514000
2015-12-30,54990000,49990910,87.745,48034600
2015-12-30,785976000,714523637,87.745,691901600
2015-12-30,1652416809,1532854184,86.745,1438949000
2015-12-30,1693830000,1555400000,86.745,1455310000
2015-12-30,1692502000,1554180000,86.745,1451644000
2015-12-30,226908000,206280000,87.745,200328800
2015-12-30,420986000,386580000,87.745,368910000
2015-12-30,335423000,304930000,87.745,296686300
2015-12-30,294237000,267488182,87.745,257321880
2015-12-30,486011508,441828644,87.745,430076000
2015-12-30,1284318000,1324040000,86.745,1112900000
2015-12-30,607574000,552340000,87.745,524041000
2015-12-30,2341823000,2128930000,86.745,1972623000
2015-12-30,116050000,105500000,87.745,99767380
2015-12-30,77917000,71550000,87.745,68233240
2015-12-30,255310000,232100000,87.745,222781000
2015-12-30,374022000,340020000,87.745,325809540
2015-12-30,1118029079,1016390072,86.745,974751000
2015-12-30,410619000,373290000,87.745,362509900
2015-12-30,63988000,59971000,87.745,55678179
2015-12-30,545457000,663043000,87.745,477771761
2015-12-30,252215000,229286364,87.745,221629200
2015-12-30,2479520994,2300112240,86.745,2159684392
2015-12-30,2852905000,2593550000,86.745,2454133000
2015-12-30,159056800,144597100,87.745,139105920
2015-12-30,694716000,637940000,87.745,612926270
2015-12-30,106293000,96630000,87.745,105300000
2015-12-30,165804100,150731000,87.745,147000000
2015-12-30,194117000,176470000,87.745,171514290
2015-12-30,524144440,476494946,87.745,455846000
2015-12-30,1697368477,1574553319,86.745,1485467500
2015-12-30,1911249000,1755050000,86.745,1643728900
2015-12-30,699278000,620861000,87.745,614189000
2015-12-30,40104000,36458182,87.745,35016100
2015-12-30,4784544000,4932520000,86.745,4190762700
2015-12-30,460031000,418210000,87.745,403867700
2015-12-30,112178000,101980000,87.745,98094642
2015-12-30,54329000,49390000,87.745,47812320
2015-12-30,1218882390,1108074900,86.745,1058053000
2015-12-30,1045470000,950427273,87.745,887616400
2015-12-30,127759750,116159977,87.745,111662500
2015-12-30,1220318000,1109380000,86.745,1050519000
2015-12-30,305591000,277810000,87.745,268485000
2015-12-30,327822000,298020000,87.745,285007700
2015-12-30,2635127720,2393555655,86.745,2298890000
2015-12-30,622976200,577900000,87.745,546747993
2015-12-30,1827254000,1661140000,86.745,1585490500
2015-12-30,115500000,105000000,87.745,101276859
2015-12-30,941787000,856170000,87.745,824445560
2015-12-30,2670974000,2428158180,86.745,2310137000
2015-12-30,35112000,32908000,87.745,30961000
2015-12-30,134643000,122402728,87.745,118723500
2015-12-30,647304749,640271781,87.745,567055156
2015-12-30,368478000,334980000,87.745,320431200
2015-12-30,379166309,364758354,87.745,331174100
2015-12-30,657730058,610139202,87.745,572454853
2015-12-30,111738000,101580000,87.745,98582870
2015-12-30,2629748000,2390680000,86.745,2257537940
2015-12-30,704038000,641349000,87.745,609558000
2015-12-30,4786826000,4351660000,86.745,4133048780
2015-12-30,213093270,193721155,87.745,186698000
2015-12-30,1526536000,1462150000,86.745,1309592980
2016-12-27,827694000,760050000,87.745,722778000
2016-12-27,80135000,72850000,87.745,69762400
2016-12-27,13211027000,12371330000,81.395,10669617000
2016-12-27,292600000,266000000,87.745,254159000
2016-12-27,847219340,794020000,87.745,744294000
2016-12-27,84938000,77216364,87.745,73957960
2016-12-27,774680200,704254727,87.745,673467074
2016-12-27,2318608660,2150842914,86.745,2013364790
2016-12-27,96868000,90786000,87.745,85101500
2016-12-27,840519000,768060910,87.745,737966900
2016-12-27,13992626000,13124570000,81.395,12804000000
2016-12-27,23385435000,23090581000,79.995,18722743000
2016-12-27,259920000,236290910,87.745,228066000
2016-12-27,487597000,443270000,87.745,427688820
2016-12-27,2969890000,2699900000,86.745,2560283000
2016-12-27,11134944000,10075361000,79.995,8871947000
2016-12-27,1767164254,1639298937,86.745,1530167364
2016-12-27,456667020,415151836,87.745,428752000
2016-12-27,41720000,39100000,87.745,36796000
2016-12-27,1068230119,990937031,87.745,941128718
2016-12-27,2354891000,2140810000,86.745,2029361997
2016-12-27,239680000,217890910,87.745,210432000
2016-12-27,219516000,199560000,87.745,204000000
2016-12-27,115698000,104128200,87.745,102609900
2016-12-27,97000000,88181819,87.745,85970660
2016-12-27,84226000,76569091,87.745,74337800
2016-12-27,55544000,50494550,87.745,49115300
2016-12-27,176154000,160140000,87.745,154068000
2016-12-27,107936000,98123640,87.745,94919600
2016-12-27,199800000,181636364,87.745,177916000
2016-12-27,382250000,366280000,87.745,336806000
2016-12-27,74870000,68063637,87.745,64898870
2016-12-27,15433405000,14311487273,81.595,13117929000
2016-12-27,460446000,418587273,87.745,407725000
2016-12-27,105820000,96200000,87.745,94229000
2016-12-27,441221000,401110000,87.745,384675000
2016-12-27,5265363000,4882820000,86.745,4583920000
2016-12-27,600908000,546280000,87.745,521287000
2016-12-27,134614000,126162000,87.745,118974000
2016-12-27,31075000,28250000,87.745,27160800
2016-12-27,421377000,383070000,87.745,369219000
2016-12-27,1866698460,1696998600,86.745,1629240000
2016-12-27,568942000,517220000,87.745,496707090
2016-12-27,282751000,265000000,87.745,247203900
2016-12-27,541365000,492150000,87.745,473491000
2016-12-27,170908100,155371000,87.745,149821000
2016-12-27,459107000,417370000,87.745,402246400
2016-12-27,48810000,44372728,87.745,42689600
2016-12-27,6270671000,5700610000,85.995,5402117000
2016-12-27,210683000,191530000,87.745,185610000
2016-12-27,119044480,108222255,87.745,104300900
2016-12-27,764136000,694669091,87.745,664163500
2016-12-27,165176000,150160000,87.745,145352970
2016-12-27,473940000,430854545,87.745,418619800
2016-12-27,122455000,111322727,87.745,107733000
2016-12-27,5797363000,5270330000,85.995,4909015000
2016-12-27,10118680000,9198800000,85.995,8614447560
2016-12-27,445185400,404714000,87.745,391216000
2016-12-27,1515602000,1377820000,86.745,1316352342
2016-12-27,4961049000,4664920000,86.745,4307994000
2016-12-27,56760000,51600000,87.745,49753220
2016-12-27,245806000,223460000,87.745,215513720
2016-12-27,693751000,715208000,87.745,615000000
2016-12-27,449303000,408457273,87.745,394798900
2016-12-27,484231000,440210000,87.745,430278300
2016-12-27,131538000,131538000,87.745,115293750
2016-12-27,42000000,38181818,87.745,41900000
2016-12-27,125177000,113797274,87.745,109372820
2016-12-27,1683213400,1530194000,86.745,1441043270
2016-12-27,108915400,99014000,87.745,95568000
2016-12-27,405581000,368710000,87.745,353928300
2016-12-27,569910000,518100000,87.745,496123000
2016-12-27,368623788,341951567,87.745,321564853
2016-12-27,346333000,314848182,87.745,302147000
2016-12-27,1418358000,1289416365,86.745,1213941600
2016-12-27,639785000,581622727,87.745,562774940
2016-12-27,1419326370,1303330000,86.745,1222002100
2016-12-27,170000000,154545455,87.745,149822000
2016-12-27,309177000,281070000,87.745,270475000
2016-12-27,630217500,572925000,87.745,549751000
2016-12-27,561374000,510340000,87.745,492150000
2016-12-27,3253001000,3016920000,86.745,2832786000
2016-12-27,216370000,196700000,87.745,190716900
2016-12-27,543650580,499220000,87.745,479603900
2016-12-27,640616900,582379000,87.745,563926000
2016-12-27,3050565599,2829838219,86.745,2637222620
2016-12-27,157077360,144240000,87.745,136427891
2016-12-27,226688000,206080000,87.745,197509000
2016-12-27,516944000,465249600,87.745,455058000
2016-12-27,2170344330,1992970000,86.745,1880372800
2016-12-27,13951332000,13156420000,81.395,11329790000
2016-12-27,280893332,255357575,87.745,248100000
2016-12-27,734900000,668090910,87.745,644672290
2016-12-27,806901000,740956000,87.745,699733000
2016-12-27,1324442000,1216200909,86.745,1152158000
2016-12-27,359799000,327090000,87.745,316913000
2016-12-27,71514000,65670000,87.745,61942000
2016-12-27,1379118000,1266408181,86.745,1189959800
2016-12-27,1979546580,1799587800,86.745,1714104000
2016-12-27,410840000,377263636,87.745,365000000
2016-12-27,890915072,809922794,87.745,776609200
2016-12-27,526438000,478580000,87.745,464610900
2016-12-27,624910000,568100000,87.745,552577000
2016-12-27,1957045000,1797103636,86.745,1695048000
2016-12-27,1229920000,1118109092,86.745,1068539840
2016-12-27,1039529495,945026815,87.745,903173450
2016-12-27,116445000,105859090,87.745,101745555
2016-12-27,1433963871,1330207673,86.745,1244212263
2016-12-27,342813000,311648182,87.745,297790600
2016-12-27,2665500000,2539171129,86.745,2315291000
2016-12-27,746084790,685110000,87.745,651117000
2016-12-27,1885788630,1731670000,86.745,1629430700
2016-12-27,35000000,31818182,87.745,30576000
2016-12-27,131252000,119320000,87.745,114455565
2016-12-27,189462565,175753772,87.745,167543000
2016-12-27,1179805000,1072550000,86.745,1018310000
2016-12-27,329408322,299462112,87.745,290641480
2016-12-27,1838184040,1705180000,86.745,1599011789
2016-12-27,222130260,201936600,87.745,194406300
2016-12-27,1150959000,1101340000,86.745,1002074000
2016-12-27,432529740,393208855,87.745,379523200
2016-12-27,5461511000,4965010000,86.745,4506630310
2016-12-27,394473000,358611819,87.745,346137000
2016-12-27,112611500,102374091,87.745,98753000
2016-12-27,235752000,214320000,87.745,205101000
2016-12-27,247955400,227690909,87.745,216861370
2016-12-27,517825000,470750000,87.745,460295000
2016-12-27,55968000,50880000,87.745,48792000
2016-12-27,18243376000,18040838000,82.095,15050631000
2016-12-27,721968000,656334545,87.745,635594000
2016-12-27,1628526000,1480482000,86.745,1413541800
2016-12-27,119849000,108953637,87.745,103783000
2016-12-27,209676000,192540000,87.745,182812110
2016-12-27,169800000,155923700,87.745,148267200
2016-12-27,470885000,432401819,87.745,414060010
2016-12-27,210898600,191726000,87.745,185354400
2016-12-27,338470000,307700000,87.745,296330480
2016-12-27,288794000,262540000,87.745,252053000
2016-12-27,165187000,150170000,87.745,146024180
2016-12-27,3732085000,3392804546,86.745,3233329000
2016-12-27,145074998,131886362,87.745,126293000
2016-12-27,57365000,52150000,87.745,51484000
2016-12-27,62513000,56830000,87.745,55108840
2016-12-27,617252000,566806363,87.745,535102500
2016-12-27,94919000,86290000,87.745,82630460
2016-12-27,288519000,262290000,87.745,251704000
2016-12-27,941226000,855660000,87.745,829922250
2016-12-27,2491165000,2264695456,86.745,2184842000
2016-12-27,151353180,138983636,87.745,131196300
2016-12-27,96393000,87630000,87.745,84548000
2016-12-27,158620000,144200000,87.745,138804000
2016-12-27,162166120,147423746,87.745,141907000
2016-12-27,74500000,67727270,87.745,65595362
2016-12-27,1488706000,1353369091,86.745,1294747400
2016-12-27,1484340000,1349400000,86.745,1289667616
2016-12-27,247544000,225040000,87.745,216094000
2016-12-27,119569000,108699000,87.745,107000000
2016-12-27,80000000,72727273,87.745,69984000
2016-12-27,1624007000,1476370000,86.745,1414478000
2016-12-27,142000000,129090900,87.745,123730000
2016-12-27,2141003000,2207220000,86.745,1853349000
2016-12-27,997373000,1028220000,86.745,864247000
2016-12-27,779358169,708507427,87.745,658989000
2016-12-27,169818000,154380000,87.745,147992000
2016-12-27,3073763000,2794330000,86.745,2676273147
2016-12-27,210837000,191670000,87.745,184754780
2016-12-27,110792000,100720000,87.745,97210000
2016-12-27,95363000,87570000,87.745,83438000
2016-12-27,147388000,133989091,87.745,130880000
2016-12-27,37983000,34530000,87.745,33352000
2016-12-27,1473848000,1353396364,86.745,1286920000
2016-12-27,1449584000,1375578000,86.745,1258922700
2016-12-27,341550000,310500000,87.745,298505060
2016-12-27,276114000,253549091,87.745,240278000
2016-12-27,1716979000,1560890000,86.745,1484658000
2016-12-27,1398287000,1271170000,86.745,1201646000
2016-12-27,1595011000,1450010000,86.745,1390655000
2016-12-27,241758000,222000000,87.745,209000000
2016-12-27,2710764743,2464331585,86.745,2337763510
2016-12-27,1854545000,1685950000,86.745,1591103000
2016-12-27,3551890000,3228990910,86.745,3063256700
2016-12-27,5318775000,4835250000,86.745,4589041000
2017-12-29,2041375000,1964090000,86.745,1785495000
2017-12-29,1755433305,1595848460,86.745,1526222400
2017-12-29,174713000,158830000,87.745,152454770
2017-12-29,147448000,134043637,87.745,128678690
2017-12-29,1211745000,1101586364,86.745,1053249000
2017-12-29,428692000,389720000,87.745,373288300
2017-12-29,1385730720,1272480000,86.745,1199818700
2017-12-29,2002798000,1820725686,86.745,1739963586
2017-12-29,426602000,387820000,87.745,371966520
2017-12-29,559383000,508530000,87.745,489070900
2017-12-29,149347000,135770000,87.745,130806000
2017-12-29,207715860,190740000,87.745,182028850
2017-12-29,217081000,199340000,87.745,192167000
2017-12-29,50507000,45916000,87.745,44040295
2017-12-29,1140536000,1036850909,86.745,994627000
2017-12-29,5271156000,4791960000,86.745,4553467970
2017-12-29,128183000,116530000,87.745,112716330
2017-12-29,2028968480,1882160000,86.745,1751200100
2017-12-29,352095480,323320000,87.745,306094779
2017-12-29,475959000,432690000,87.745,417270470
2017-12-29,2339378000,2148190000,86.745,2025631290
2017-12-29,2012032000,1829120000,86.745,1720078639
2017-12-29,980045000,899950000,87.745,861456200
2017-12-29,1321573000,1201430000,86.745,1148664000
2017-12-29,468215000,429950000,87.745,416018000
2017-12-29,10977434000,10383180000,81.395,8860653000
2017-12-29,368951000,335410000,87.745,325030400
2017-12-29,167562000,142300000,87.745,146117200
2017-12-29,264308000,240280000,87.745,234339920
2017-12-29,631136000,573760000,87.745,550415900
2017-12-29,2301361000,2113280000,86.745,1990290720
2017-12-29,9031605000,8210550000,85.995,7739436400
2017-12-29,1029100180,954638386,87.745,898151000
2017-12-29,1076350750,998470084,87.745,945735493
2017-12-29,289531000,263210000,87.745,250420000
2017-12-29,432910000,397530000,87.745,380722700
2017-12-29,10790860000,10356128000,81.395,8800698800
2017-12-29,719077000,653706364,87.745,624568858
2017-12-29,178000000,161818182,87.745,157040280
2017-12-29,3210174000,2918340000,86.745,2794871200
2017-12-29,2665135000,2422850000,86.745,2308281010
2017-12-29,13059033000,12495360000,81.395,10670641700
2017-12-29,35579000,32344546,87.745,31075840
2017-12-29,504522000,463290000,87.745,435825000
2017-12-29,420858000,382598182,87.745,371504930
2017-12-29,176058000,161670000,87.745,157176910
2017-12-29,580168000,527425455,87.745,505610000
2017-12-29,67488000,61353575,87.745,58604328
2017-12-29,404635000,367850000,87.745,357683000
2017-12-29,3953080000,3630010000,86.745,3410275000
2017-12-29,133474000,121340000,87.745,116724300
2017-12-29,83955000,76322728,87.745,74808500
2017-12-29,118047000,108400000,87.745,104024389
2017-12-29,150634000,136940000,87.745,131625000
2017-12-29,14678826000,13769920000,81.395,11811219000
2017-12-29,115270000,104790910,87.745,100928730
2017-12-29,2878481116,2670205118,86.745,2509448106
2017-12-29,162876850,148069864,87.745,141976880
2017-12-29,1147179000,1042890000,86.745,986154390
2017-12-29,94370100,85791000,87.745,82404847
2017-12-29,8733788000,8038540000,85.995,7492835800
2017-12-29,3589350600,3263046000,86.745,3097525000
2017-12-29,278377000,253070000,87.745,244739500
2017-12-29,118440000,107672728,87.745,103475000
2017-12-29,11548596000,10814200000,81.395,9339782800
2017-12-29,3440693900,3127903546,86.745,2933532880
2017-12-29,1461691000,1328810000,86.745,1272877000
2017-12-29,400479689,371502497,87.745,350272620
2017-12-29,126885000,115350000,87.745,110314000
2017-12-29,4198500000,3816818182,86.745,3644750000
2017-12-29,706541000,642310000,87.745,617622131
2017-12-29,223540000,203218182,87.745,196504500
2017-12-29,1663851200,1512592000,86.745,1394597000
2017-12-29,153847000,139860962,87.745,134287000
2017-12-29,217260000,197509091,87.745,190753900
2017-12-29,11708103000,10643730000,79.995,9068504000
2017-12-29,1286265000,1250340714,86.745,1114681110
2017-12-29,1015308000,987192723,87.745,899781100
2017-12-29,195701000,177910000,87.745,171045900
2017-12-29,164482350,149529410,87.745,145168900
2017-12-29,1745050000,1586409091,86.745,1511103650
2017-12-29,4712954400,4284504000,86.745,3977051700
2017-12-29,71000000,64545455,87.745,62402000
2017-12-29,655963000,596330000,87.745,579000000
2017-12-29,651006000,591823636,87.745,573375700
2017-12-29,10582807000,9620733637,85.495,8941387000
2017-12-29,220610000,200554545,87.745,193544821
2017-12-29,134000000,126210000,87.745,118505000
2017-12-29,152000000,138181818,87.745,133419310
2017-12-29,4051140000,3835479000,86.745,3499423000
2017-12-29,93670000,85154545,87.745,83000000
2017-12-29,73203900,66549000,87.745,63759000
2017-12-29,182100000,165545455,87.745,160119000
2017-12-29,62307740,56643400,87.745,54745000
2017-12-29,63102000,57365455,87.745,55453730
2017-12-29,411851000,374410000,87.745,357348565
2017-12-29,420695000,382450000,87.745,368423400
2017-12-29,172777000,157070000,87.745,152732622
2017-12-29,2226144491,2065069102,86.745,1938156062
2017-12-29,209440000,190400000,87.745,181114880
2017-12-29,3837207000,3488370000,86.745,3347094620
2017-12-29,221870000,201700000,87.745,196173000
2017-12-29,130890000,118997351,87.745,113980600
2017-12-29,432028000,396720000,87.745,381327000
2017-12-29,2619251000,2381137273,86.745,2272420769
2017-12-29,679800000,618000000,87.745,590802970
2017-12-29,90082000,82720000,87.745,78527000
2017-12-29,104522000,95020000,87.745,91328000
2017-12-29,285130340,259209400,87.745,255816838
2017-12-29,444191000,403810000,87.745,390915360
2017-12-29,511470000,469670000,87.745,449694900
2017-12-29,256278000,232980000,87.745,224125450
2017-12-29,442781000,402528183,87.745,390280000
2017-12-29,394721000,358837273,87.745,347508980
2017-12-29,849353515,787897510,87.745,747991049
2017-12-29,173249810,157499828,87.745,151771000
2017-12-29,488092000,443720000,87.745,431154000
2017-12-29,358193000,325630000,87.745,316754800
2017-12-29,1734942000,1577220000,86.745,1502667160
2017-12-29,405479120,368617380,87.745,353311370
2017-12-29,858454000,780413000,87.745,754927000
2017-12-29,413622000,376020000,87.745,357436880
2017-12-29,1719868000,1579310000,86.745,1509827000
2017-12-29,1538845000,1398950000,86.745,1326588220
2017-12-29,4460000000,4275010000,86.745,3873738000
2017-12-29,1551187000,1410170000,86.745,1351916716
2017-12-29,48132000,43756364,87.745,42267900
2017-12-29,3292994000,3023870000,86.745,2880653700
2017-12-29,2240198730,2057115454,86.745,1961433760
2017-12-29,168577730,153252482,87.745,146877880
2017-12-29,2550000000,2441300000,86.745,2215897000
2017-12-29,1640551000,1491410000,86.745,1411540425
2017-12-29,1224308250,1124250000,86.745,1044494224
2017-12-29,827618000,759980000,87.745,727220252
2017-12-29,278377000,253070000,87.745,243910000
2017-12-29,993457000,967651322,87.745,867217801
2017-12-29,1705330000,1550300000,86.745,1467447000
2017-12-29,199800000,181636364,87.745,177470000
2017-12-29,87923000,79930000,87.745,76745750
2017-12-29,363264000,330240000,87.745,302994780
2017-12-29,338113000,307375450,87.745,296478000
2017-12-29,1755947000,1612440000,86.745,1512594000
2017-12-29,496408000,451280000,87.745,434790301
2017-12-29,885480528,804982298,87.745,780383500
2017-12-29,1053855000,958050000,87.745,913468054
2017-12-29,501452029,465168859,87.745,436584000
2017-12-29,2532349000,2325390000,86.745,2182387000
2017-12-29,1905771000,1750020000,86.745,1663357000
2017-12-29,1131481000,1039010000,86.745,968786690
2017-12-29,574839000,527860000,87.745,498058824
2017-12-29,832744000,757040000,87.745,729510100
2017-12-29,437030000,397300000,87.745,379591237
2017-12-29,2195957610,2016490000,86.745,1916763000
2017-12-29,824615000,749650000,87.745,724766780
2017-12-29,2975197000,2732045455,86.745,2554716591
2017-12-29,53837000,48942727,87.745,47775000
2017-12-29,173536000,157760000,87.745,152652000
2017-12-29,243059000,220962728,87.745,214256000
2017-12-29,649176000,590160000,87.745,567447900
2017-12-29,4080940000,3747420000,86.745,3555916100
2017-12-29,414048690,380210000,87.745,362307560
2017-12-29,2594694960,2382640000,86.745,2226714000
2017-12-29,6265763000,5823858000,85.495,5377592000
2017-12-29,1719596000,1579060000,86.745,1486865600
2017-12-29,814473990,747910000,87.745,711125400
2017-12-29,1239521580,1138220000,86.745,1068425000
2017-12-29,1346364360,1236330909,86.745,1160848810
2017-12-29,1625757210,1492890000,86.745,1397943000
2017-12-29,452419000,411290000,87.745,397343000
2017-12-29,390489000,354990000,87.745,345752000
2017-12-29,466532000,424120000,87.745,405915490
2017-12-29,86779000,78890000,87.745,76412000
2017-12-29,113652000,103320000,87.745,100356700
2017-12-29,293883480,269865454,87.745,258436905
2017-12-29,129272000,117520000,87.745,113113113
2017-12-29,2247205000,2063550000,86.745,1952891000
2017-12-29,1419021000,1303050000,86.745,1239200000
2017-12-29,2645747000,2429520000,86.745,2297807301
2017-12-29,261664000,240280000,87.745,229381000
2017-12-29,2205159000,2024940000,86.745,1920655000
2017-12-29,481020100,437291000,87.745,423615020
2017-12-29,412195970,374723610,87.745,359573200
2017-12-29,383980180,349072892,87.745,334520000
2017-12-29,435162200,395602000,87.745,384990000
2017-12-29,175707000,159733637,87.745,153688100
2017-12-29,164598000,149634546,87.745,143877000
2017-12-29,32978000,29980000,87.745,28857462
2017-12-29,59012000,53647273,87.745,51546810
2017-12-29,84535000,76850000,87.745,74816800
2017-12-29,217129000,197390000,87.745,191233990
2017-12-29,2130334470,1956230000,86.745,1828401000
2017-12-29,2304258660,2115940000,86.745,1972624525
2017-12-29,1141348230,1048070000,86.745,992379000
2017-12-29,1788442920,1642280000,86.745,1541750000
2017-12-29,1252636000,1138760000,86.745,1101877000
2017-12-29,4395398604,3995816913,86.745,3659133000
2017-12-29,4815747000,4344331819,86.745,4177227000
2017-12-29,104149000,94680910,87.745,91821000
2017-12-29,98366000,89423630,87.745,86632800
2017-12-29,109710000,99736360,87.745,97044700
2017-12-29,107778000,97980000,87.745,94808500
2017-12-29,103131000,93755450,87.745,90198000
2017-12-29,218094000,200270000,87.745,188253880
2017-12-29,311334000,283030909,87.745,272721511
2017-12-29,167101000,151910000,87.745,144961500
2017-12-29,490363000,445784546,87.745,435400000
2017-12-29,111147000,101042728,87.745,96767770
2017-12-29,2236700000,2033363636,86.745,1927288340
2017-12-29,203000000,184545455,87.745,177261880
2017-12-29,92369000,84820909,87.745,82003000
2017-12-29,447909000,407190910,87.745,380677000
2017-12-29,428054000,389140000,87.745,376528700
2017-12-29,243768800,221608000,87.745,212570710
2017-12-29,233849000,212590000,87.745,204047800
2017-12-29,260887000,237170000,87.745,229103000
2017-12-29,1870869646,1735500600,86.745,1608851970
2017-12-29,81946260,74496600,87.745,71686000
2017-12-29,170360370,154873064,87.745,149032000
2017-12-29,170538000,155035000,87.745,165500000
2017-12-29,813439000,739490000,87.745,708740000
2017-12-29,3112439000,2829490000,86.745,2671639012
2017-12-29,9650145336,8951897345,85.995,8294784000
2017-12-29,502854000,457140000,87.745,441261000
2017-12-29,756816000,681134400,87.745,670912000
2017-12-29,73087276,66442979,87.745,63742880
2017-12-29,121638000,110580000,87.745,106314900
2017-12-29,62370000,56700000,87.745,54237000
2017-12-29,8185070000,7669500000,85.995,7068147000
2017-12-29,241619000,219653637,87.745,216025730
2017-12-29,173595000,157813637,87.745,153041000
2017-12-29,166580144,151436495,87.745,146933400
2017-12-29,191455000,174050000,87.745,161693000
2017-12-29,1046340286,970631064,87.745,918728714
2017-12-29,221815000,201650000,87.745,195209000
2017-12-29,756816000,681134400,87.745,668926000
2017-12-29,40579000,36890000,87.745,35689000
2017-12-29,2022318000,1875260000,86.745,1752120000
2017-12-29,1584022000,1440020000,86.745,1372133000
2017-12-29,1437089000,1437089000,86.745,1249976000
2017-12-29,405328000,368480000,87.745,355821000
2017-12-29,68860000,62600000,87.745,60184000
2017-12-29,78164000,71058181,87.745,69428598
2017-12-29,2993500000,2817985909,86.745,2574093000
2017-12-29,493845000,448950000,87.745,435437600
2017-12-29,465828000,423480000,87.745,409278273
2017-12-29,2516375400,2287614000,86.745,2159340000
2017-12-29,108416000,98560000,87.745,93227000
2017-12-29,433301000,393910000,87.745,377559600
2017-12-29,58756000,53414546,87.745,51389130
2017-12-29,81926000,74478182,87.745,71782000
2017-12-29,2420620000,2420620000,86.745,2081790000
2017-12-29,382690000,347900000,87.745,335204000
2017-12-29,2043980000,1876933636,86.745,1775758900
2017-12-29,3708300000,3371181818,85.495,3185372900
2017-12-29,75088000,68261819,87.745,65654000
2017-12-29,3633650000,3303320000,86.745,3108479888
2017-12-29,1104969000,1000770000,86.745,950890100
2017-12-29,179926520,163569563,87.745,158652900
2017-12-29,239547000,217770000,87.745,209150000
2017-12-29,633509000,574470000,87.745,556993900
2017-12-29,159390000,144900000,87.745,138812000
2017-12-29,2518436000,2524046000,86.745,2181049000
2017-12-29,61920000,56290909,87.745,54315400
2017-12-29,133380000,121254545,87.745,117243481
2017-12-29,173690000,157900000,87.745,151333888
2017-12-29,1152217000,1047470000,86.745,992057000
2017-12-29,1459910000,1459910000,86.745,1280000000
2017-12-29,1321300000,1321300000,86.745,1144889000
2017-12-29,567758558,526677699,87.745,497914715
2017-12-29,374753000,340685000,87.745,324455000
2017-12-29,59983000,54530000,87.745,52492800
2017-12-29,5656156000,5141960000,85.495,4874213410
2017-12-29,2035206150,1887946336,86.745,1770029000
2017-12-29,216975000,197250000,87.745,193009000
2017-12-29,1826416000,1660378181,86.745,1579889000
2017-12-29,2503137496,2275579542,86.745,2159037250
2017-12-29,171633000,156030000,87.745,143898000
2017-12-29,150005000,136368182,87.745,130555000
2017-12-29,198189593,180172358,87.745,173273283
2017-12-29,87571000,79610000,87.745,78336000
2017-12-29,31295000,28450000,87.745,27365000
2017-12-29,48697000,44270000,87.745,42734690
2017-12-29,682968000,620880000,87.745,602508000
2017-12-29,117315000,106650000,87.745,102819770
2017-12-29,318158000,292156363,87.745,276798100
2017-12-29,186175000,169250000,87.745,164085000
2017-12-29,5559444000,5054040000,85.495,4748056000
2017-12-29,858996600,780906000,87.745,729051800
2017-12-29,140761125,127964660,87.745,121888000
2017-12-29,15070364540,13979930000,81.595,12420983220
2017-12-29,3113538000,2830489090,86.745,2684314000
2017-12-29,283327000,257570000,87.745,247827000
2017-12-29,224048000,203680000,87.745,195901300
2017-12-29,212311000,193010000,87.745,185029000
2017-12-29,5632143000,5120130000,85.495,4787132900
2017-12-29,15070364540,13979930000,81.595,12703800000
2017-12-29,10880419000,9891290000,85.495,9012573000
2018-12-27,687653681,625139710,87.745,602999700
2018-12-27,2205445000,2004950000,86.745,1909122510
2018-12-27,917741000,834310000,87.745,796850700
2018-12-27,148500000,135000000,87.745,132550000
2018-12-27,467214000,424740000,87.745,411474995
2018-12-27,94470000,86750000,87.745,82720800
2018-12-27,6657213000,6233960000,85.995,5685741000
2018-12-27,18068620000,17289100000,81.395,14652364000
2018-12-27,1688566000,1535060000,86.745,1446190900
2018-12-27,1000307000,909370000,87.745,878300900
2018-12-27,155540000,141400000,87.745,136970000
2018-12-27,185262000,168420000,87.745,160935487
2018-12-27,317784000,288895000,87.745,280882800
2018-12-27,3177794000,2855818000,86.745,2757476000
2018-12-27,541320120,497080000,87.745,471675400
2018-12-27,76752720,70480000,87.745,67457860
2018-12-27,391400000,355818182,87.745,341286000
2018-12-27,4036153000,3669230000,86.745,3464941000
2018-12-27,243402390,223510000,87.745,223630670
2018-12-27,236617920,217280000,87.745,209584700
2018-12-27,567930000,516300000,87.745,497966100
2018-12-27,21980000,19981819,87.745,19179800
2018-12-27,833789000,761470005,87.745,708157000
2018-12-27,184422000,169350000,87.745,161293870
2018-12-27,306150000,281130000,87.745,269559000
2018-12-27,60258000,54780000,87.745,52742890
2018-12-27,53225000,48386364,87.745,47198400
2018-12-27,3005443000,2759820000,86.745,2632764000
2018-12-27,50292000,45720000,87.745,44334400
2018-12-27,4681160000,4255600000,86.745,4031906000
2018-12-27,8483112000,7711920000,85.995,7340967200
2018-12-27,149664000,136058182,87.745,138571000
2018-12-27,2396713000,2178830000,86.745,2064452700
2018-12-27,3652599000,3435610000,86.745,3147919000
2018-12-27,631565000,574150000,87.745,555369800
2018-12-27,114124000,103749091,87.745,100997700
2018-12-27,56727000,51570000,87.745,50155000
2018-12-27,3016693350,2770150000,86.745,2613517800
2018-12-27,3661757000,3328870000,86.745,3152358535
2018-12-27,3688301430,3386870000,86.745,3184779000
2018-12-27,599709000,545190000,87.745,529000000
2018-12-27,2433207000,2234350000,86.745,2091200000
2018-12-27,2561494000,2352152727,86.745,2221012000
2018-12-27,633380000,528900000,87.745,553270000
2018-12-27,6753329000,6139390000,85.495,5798297000
2018-12-27,915266000,832060000,87.745,798882000
2018-12-27,210672000,191520000,87.745,190397000
2018-12-27,2571742800,2361563636,86.745,2201823671
2018-12-27,126478000,114980000,87.745,110634870
2018-12-27,122055000,112080000,87.745,106587000
2018-12-27,305399000,280440000,87.745,269528670
2018-12-27,26510000,24100000,87.745,23229700
2018-12-27,3347263700,3042967000,86.745,2891783800
2018-12-27,1089299200,990272000,87.745,961717700
2018-12-27,119977000,109070000,87.745,104425520
2018-12-27,14699437000,13787020000,81.395,11816484800
2018-12-27,15197903000,14840986000,79.995,13517615000
2018-12-27,115500000,105000000,87.745,98767750
2018-12-27,228010000,207281818,87.745,197983780
2018-12-27,17154010000,16323740000,81.395,13859463143
2018-12-27,79890000,72627273,87.745,69861000
2018-12-27,74745000,67950000,87.745,65562900
2018-12-27,305828000,283700000,87.745,269979100
2018-12-27,2697093000,2476670000,86.745,2351666000
2018-12-27,490017000,445470000,87.745,432433000
2018-12-27,69456000,63141818,87.745,61162000
2018-12-27,2705359140,2484260000,86.745,2347397416
2018-12-27,106447000,96770000,87.745,93338310
2018-12-27,11004989000,10499890000,81.595,8969488000
2018-12-27,8437088000,7670080000,85.495,7162354887
2018-12-27,9934802000,8981790000,85.995,8576999000
2018-12-27,265978000,241798182,87.745,236273000
2018-12-27,842737000,766124545,87.745,741067800
2018-12-27,217272000,197520000,87.745,185636780
2018-12-27,34122000,31020000,87.745,29864400
2018-12-27,1436567000,1305970000,86.745,1263596000
2018-12-27,92937000,84488182,87.745,82247600
2018-12-27,36570000,33245455,87.745,31921000
2018-12-27,56300000,51249000,87.745,49380000
2018-12-27,189684000,172440000,87.745,159003800
2018-12-27,227875000,207159092,87.745,199371000
2018-12-27,15179410000,14076640000,81.595,12277130000
2018-12-27,2328314000,2138030000,86.745,2023263000
2018-12-27,361896858,335711372,87.745,317168519
2018-12-27,266940722,242673384,87.745,234572700
2018-12-27,1073216518,995562633,87.745,936461780
2018-12-27,796000000,723636364,87.745,696866110
2018-12-27,391732000,356120000,87.745,340490446
2018-12-27,398486000,362260000,87.745,348398000
2018-12-27,925133000,841030000,87.745,804804000
2018-12-27,3218212000,2955200000,86.745,2793665000
2018-12-27,229262000,208420000,87.745,198620590
2018-12-27,10142075000,10093500000,81.395,8182826902
2018-12-27,2205390000,2004900000,86.745,1920572000
2018-12-27,225614500,205104090,87.745,197503800
2018-12-27,63041000,57310000,87.745,55562200
2018-12-27,156130000,141936364,87.745,137138000
2018-12-27,1133682000,1030620000,86.745,985358000
2018-12-27,444015000,403650000,87.745,386341900
2018-12-27,428714000,389740000,87.745,379917289
2018-12-27,115665000,105150000,87.745,101353240
2018-12-27,34793000,31630000,87.745,30368000
2018-12-27,397000000,360909090,87.745,350030200
2018-12-27,2539878000,2308980000,86.745,2204467000
2018-12-27,2828597000,2571452000,86.745,2433373900
2018-12-27,2745570000,2495972278,86.745,2410784000
2018-12-27,637090000,579172728,87.745,565297900
2018-12-27,378609000,344190000,87.745,330754000
2018-12-27,588093000,534630000,87.745,516774048
2018-12-27,219987000,202009091,87.745,191472900
2018-12-27,1982372000,1820360000,86.745,1725242000
2018-12-27,968270000,880245455,87.745,855333000
2018-12-27,79651000,72410000,87.745,69942400
2018-12-27,2897026000,2633660000,86.745,2521944000
2018-12-27,819861000,752857000,87.745,720844300
2018-12-27,2645801000,2429570000,86.745,2292219000
2018-12-27,61094000,55540000,87.745,54678400
2018-12-27,150260000,137980000,87.745,132377400
2018-12-27,139997000,127270000,87.745,122711140
2018-12-27,265411000,243720000,87.745,232581900
2018-12-27,1535533560,1410040000,86.745,1329831000
2018-12-27,84136140,77260000,87.745,74022880
2018-12-27,459850000,422268181,87.745,398712000
2018-12-27,258049000,234590000,87.745,227614730
2018-12-27,2732987000,2509630000,86.745,2378615000
2018-12-27,1925526240,1768160000,86.745,1647577880
2018-12-27,1543113000,1417000000,86.745,1317416000
2018-12-27,2029220820,1863380000,86.745,1738279710
2018-12-27,2433664530,2234770000,86.745,2132463338
2018-12-27,76175000,69250000,87.745,66903900
2018-12-27,2552180000,2343600000,86.745,2193720000
2018-12-27,1483361000,1362131818,86.745,1284309000
2018-12-27,779440860,715740000,87.745,678988633
2018-12-27,2450772000,2250480000,86.745,2128998300
2018-12-27,1665191000,1513810000,86.745,1454537800
2018-12-27,1576916000,1433560000,86.745,1379785000
2018-12-27,2420727000,2222890000,86.745,2105115580
2018-12-27,2827881118,2623266347,86.745,2458233668
2018-12-27,161553383,149310000,87.745,141937880
2018-12-27,45199000,41090000,87.745,39286624
2018-12-27,3031235000,2783503636,86.745,2632600139
2018-12-27,2836097000,2604313636,86.745,2463224200
2018-12-27,3340000000,3038710000,86.745,2901362000
2018-12-27,2384256000,2189400000,86.745,2057743180
2018-12-27,1156463000,1061950000,86.745,1010344000
2018-12-27,834348000,766160000,87.745,729066100
2018-12-27,2191133000,2012060000,86.745,1886866900
2018-12-27,120137000,109215455,87.745,105800500
2018-12-27,35893000,32630000,87.745,31888900
2018-12-27,102158000,92870910,87.495,88467480
2018-12-27,2559923190,2350710000,86.745,2207608100
2018-12-27,1903768020,1748180000,86.745,1630191210
2018-12-27,419749000,381590000,87.745,368402974
2018-12-27,1498335920,1362123564,86.745,1301569000
2018-12-27,1156804000,1051640000,86.745,995392200
2018-12-27,99470000,90427273,87.745,86788000
2018-12-27,366432000,333120000,87.745,323214400
2018-12-27,2662746000,2445130000,86.745,2292049900
2018-12-27,102213540,93860000,87.745,89943230
2018-12-27,630988000,579420000,87.745,557895800
2018-12-27,161117000,146470000,87.745,139781515
2018-12-27,1150276000,1045705455,86.745,990386200
2018-12-27,143000000,130000000,87.745,126671000
2018-12-27,772438000,709310000,87.745,687657015
2018-12-27,2108946510,1936590000,86.745,1820816000
2018-12-27,738302510,671184101,87.745,647520880
2018-12-27,2917664000,2652423027,86.745,2553377400
2018-12-27,471950000,433380000,87.745,421075000
2018-12-27,597256000,542960000,87.745,529553926
2018-12-27,239920613,218109648,87.745,210668800
2018-12-27,335445000,304950000,87.745,294172260
2018-12-27,368522000,335020000,87.745,321920030
2018-12-27,123390000,112172727,87.745,108449200
2018-12-27,8779610000,7981463636,85.495,7451049000
2018-12-27,2221560000,2040000000,86.745,1892259880
2018-12-27,2196207000,2145323124,86.745,1890694020
2018-12-27,2970476000,2900258907,86.745,2592690000
2018-12-27,210551000,191410000,87.745,185098157
2018-12-27,129129000,117390000,87.745,112974186
2018-12-27,129129000,117390000,87.745,112939743
2018-12-27,150436000,136760000,87.745,133000000
2018-12-27,432813000,393466364,87.745,383751395
2018-12-27,297315000,270286364,87.745,260527120
2018-12-27,120043613,109130550,87.745,105158680
2018-12-27,197161000,179237273,87.745,173803880
2018-12-27,1848737000,1680670000,86.745,1604999000
2018-12-27,125444000,114040000,87.745,111477220
2018-12-27,165000000,150000000,87.745,144391097
2018-12-27,442134000,406000000,87.745,388929660
2018-12-27,3746889000,3654044000,86.745,3235525000
2018-12-27,1813326000,1767151720,86.745,1571411000
2018-12-27,77319000,70290000,87.745,68448000
2018-12-27,1055592000,959629091,87.745,929220921
2018-12-27,179719000,163380909,87.745,155969000
2018-12-27,363319000,330290000,87.745,317980000
2018-12-27,542949000,493590000,87.745,478097800
2018-12-27,825149652,750136048,87.745,713958208
2018-12-27,406846000,369860000,87.745,357548000
2018-12-27,632016000,574560000,87.745,552316000
2018-12-27,1195326000,1086660000,86.745,1036937000
2018-12-27,152198000,139760000,87.745,134347400
2018-12-27,95073000,86430000,87.745,83169000
2018-12-27,1688026000,1550070000,86.745,1465065240
2018-12-27,2581614127,2394818300,86.745,2252129890
2018-12-27,2597014530,2384770000,86.745,2248551780
2018-12-27,1085700000,996970000,87.745,950800000
2018-12-27,751597000,683270000,87.745,654508800
2018-12-27,813956000,739960000,87.745,710046000
2018-12-27,255653000,234760000,87.745,224851900
2018-12-27,1665365000,1513968180,86.745,1433063898
2018-12-27,1841136000,1673760000,86.745,1585145500
2018-12-27,4564571000,4149610000,86.745,3908993000
2018-12-27,4435288000,4032080000,86.745,3865223408
2018-12-27,154670000,142030000,87.745,136326000
2018-12-27,630993000,573630000,87.745,558718000
2018-12-27,2150593000,1974833637,86.745,1879673700
2018-12-27,126750000,115227273,87.745,111852058
2018-12-27,8464497000,8464497000,85.495,7272832000
2018-12-27,15865948000,14856350000,81.395,12774900000
2018-12-27,149325000,135750000,87.745,132433000
2018-12-27,577714500,530500000,87.745,512434900
2018-12-27,74750000,67954546,87.745,70000000
2018-12-27,41514000,37740000,87.745,36574715
2018-12-27,1322332000,1202120000,86.745,1127890000
2018-12-27,1112718000,1021780000,86.745,959426000
2018-12-27,242484000,220440000,87.745,212528600
2018-12-27,8475274000,7704794545,85.995,7166662662
2018-12-27,5589881000,5081710000,85.995,4759091000
2018-12-27,69630000,63300000,87.745,61225000
2018-12-27,194875000,177159092,87.745,171354000
2018-12-27,858099000,780090000,87.745,761508900
2018-12-27,1578390000,1434900000,86.745,1383181000
2018-12-27,423350000,384863637,87.745,368975905
2018-12-27,577454000,524958182,87.745,510517000
2018-12-27,285208000,259280000,87.745,251108000
2018-12-27,1923751000,1766530000,86.745,1673044000
2018-12-27,134046000,121860000,87.745,117490810
2018-12-27,2350953000,2137230000,86.745,2009977000
2018-12-27,97757000,88870000,87.745,85554000
2018-12-27,612700000,557000000,87.745,533573360
2018-12-27,1275318000,1159380000,86.745,1109278000
2018-12-27,1604269700,1458427000,86.745,1361877790
2018-12-27,191663000,174239091,87.745,169989880
2018-12-27,348990000,348990000,87.745,309441500
2018-12-27,622827000,566206363,87.745,548195000
2018-12-27,2072693700,1903300000,86.745,1790993000
2018-12-27,147048000,133680000,87.745,129101850
2018-12-27,7279048392,6752364000,85.495,6224918252
2018-12-27,3764032000,3582690000,86.745,3294325759
2018-12-27,165244542,150222311,87.745,146395000
2018-12-27,1891241000,1719310000,86.745,1639656340
2018-12-27,133670000,121518182,87.745,117900040
2018-12-27,1848596000,1680541819,86.745,1579165400
2018-12-27,28041523000,26744670000,79.995,22383363600
2018-12-27,2969365850,2699423500,86.745,2600825000
2018-12-27,687653681,625139710,87.745,602999700
2018-12-27,2205445000,2004950000,86.745,1909122510
2018-12-27,917741000,834310000,87.745,796850700
2018-12-27,148500000,135000000,87.745,132550000
2018-12-27,467214000,424740000,87.745,411474995
2018-12-27,94470000,86750000,87.745,82720800
2018-12-27,6657213000,6233960000,85.995,5685741000
2018-12-27,18068620000,17289100000,81.395,14652364000
2018-12-27,1688566000,1535060000,86.745,1446190900
2018-12-27,1000307000,909370000,87.745,878300900
2018-12-27,155540000,141400000,87.745,136970000
2018-12-27,185262000,168420000,87.745,160935487
2018-12-27,317784000,288895000,87.745,280882800
2018-12-27,3177794000,2855818000,86.745,2757476000
2018-12-27,541320120,497080000,87.745,471675400
2018-12-27,76752720,70480000,87.745,67457860
2018-12-27,391400000,355818182,87.745,341286000
2018-12-27,4036153000,3669230000,86.745,3464941000
2018-12-27,243402390,223510000,87.745,223630670
2018-12-27,236617920,217280000,87.745,209584700
2018-12-27,567930000,516300000,87.745,497966100
2018-12-27,21980000,19981819,87.745,19179800
2018-12-27,833789000,761470005,87.745,708157000
2018-12-27,184422000,169350000,87.745,161293870
2018-12-27,306150000,281130000,87.745,269559000
2018-12-27,60258000,54780000,87.745,52742890
2018-12-27,53225000,48386364,87.745,47198400
2018-12-27,3005443000,2759820000,86.745,2632764000
2018-12-27,50292000,45720000,87.745,44334400
2018-12-27,4681160000,4255600000,86.745,4031906000
2018-12-27,8483112000,7711920000,85.995,7340967200
2018-12-27,149664000,136058182,87.745,138571000
2018-12-27,2396713000,2178830000,86.745,2064452700
2018-12-27,3652599000,3435610000,86.745,3147919000
2018-12-27,631565000,574150000,87.745,555369800
2018-12-27,114124000,103749091,87.745,100997700
2018-12-27,56727000,51570000,87.745,50155000
2018-12-27,3016693350,2770150000,86.745,2613517800
2018-12-27,3661757000,3328870000,86.745,3152358535
2018-12-27,3688301430,3386870000,86.745,3184779000
2018-12-27,599709000,545190000,87.745,529000000
2018-12-27,2433207000,2234350000,86.745,2091200000
2018-12-27,2561494000,2352152727,86.745,2221012000
2018-12-27,633380000,528900000,87.745,553270000
2018-12-27,6753329000,6139390000,85.495,5798297000
2018-12-27,915266000,832060000,87.745,798882000
2018-12-27,210672000,191520000,87.745,190397000
2018-12-27,2571742800,2361563636,86.745,2201823671
2018-12-27,126478000,114980000,87.745,110634870
2018-12-27,122055000,112080000,87.745,106587000
2018-12-27,305399000,280440000,87.745,269528670
2018-12-27,26510000,24100000,87.745,23229700
2018-12-27,3347263700,3042967000,86.745,2891783800
2018-12-27,1089299200,990272000,87.745,961717700
2018-12-27,119977000,109070000,87.745,104425520
2018-12-27,14699437000,13787020000,81.395,11816484800
2018-12-27,15197903000,14840986000,79.995,13517615000
2018-12-27,115500000,105000000,87.745,98767750
2018-12-27,228010000,207281818,87.745,197983780
2018-12-27,17154010000,16323740000,81.395,13859463143
2018-12-27,79890000,72627273,87.745,69861000
2018-12-27,74745000,67950000,87.745,65562900
2018-12-27,305828000,283700000,87.745,269979100
2018-12-27,2697093000,2476670000,86.745,2351666000
2018-12-27,490017000,445470000,87.745,432433000
2018-12-27,69456000,63141818,87.745,61162000
2018-12-27,2705359140,2484260000,86.745,2347397416
2018-12-27,106447000,96770000,87.745,93338310
2018-12-27,11004989000,10499890000,81.595,8969488000
2018-12-27,8437088000,7670080000,85.495,7162354887
2018-12-27,9934802000,8981790000,85.995,8576999000
2018-12-27,265978000,241798182,87.745,236273000
2018-12-27,842737000,766124545,87.745,741067800
2018-12-27,217272000,197520000,87.745,185636780
2018-12-27,34122000,31020000,87.745,29864400
2018-12-27,1436567000,1305970000,86.745,1263596000
2018-12-27,92937000,84488182,87.745,82247600
2018-12-27,36570000,33245455,87.745,31921000
2018-12-27,56300000,51249000,87.745,49380000
2018-12-27,189684000,172440000,87.745,159003800
2018-12-27,227875000,207159092,87.745,199371000
2018-12-27,15179410000,14076640000,81.595,12277130000
2018-12-27,2328314000,2138030000,86.745,2023263000
2018-12-27,361896858,335711372,87.745,317168519
2018-12-27,266940722,242673384,87.745,234572700
2018-12-27,1073216518,995562633,87.745,936461780
2018-12-27,796000000,723636364,87.745,696866110
2018-12-27,391732000,356120000,87.745,340490446
2018-12-27,398486000,362260000,87.745,348398000
2018-12-27,925133000,841030000,87.745,804804000
2018-12-27,3218212000,2955200000,86.745,2793665000
2018-12-27,229262000,208420000,87.745,198620590
2018-12-27,10142075000,10093500000,81.395,8182826902
2018-12-27,2205390000,2004900000,86.745,1920572000
2018-12-27,225614500,205104090,87.745,197503800
2018-12-27,63041000,57310000,87.745,55562200
2018-12-27,156130000,141936364,87.745,137138000
2018-12-27,1133682000,1030620000,86.745,985358000
2018-12-27,444015000,403650000,87.745,386341900
2018-12-27,428714000,389740000,87.745,379917289
2018-12-27,115665000,105150000,87.745,101353240
2018-12-27,34793000,31630000,87.745,30368000
2018-12-27,397000000,360909090,87.745,350030200
2018-12-27,2539878000,2308980000,86.745,2204467000
2018-12-27,2828597000,2571452000,86.745,2433373900
2018-12-27,2745570000,2495972278,86.745,2410784000
2018-12-27,637090000,579172728,87.745,565297900
2018-12-27,378609000,344190000,87.745,330754000
2018-12-27,588093000,534630000,87.745,516774048
2018-12-27,219987000,202009091,87.745,191472900
2018-12-27,1982372000,1820360000,86.745,1725242000
2018-12-27,968270000,880245455,87.745,855333000
2018-12-27,79651000,72410000,87.745,69942400
2018-12-27,2897026000,2633660000,86.745,2521944000
2018-12-27,819861000,752857000,87.745,720844300
2018-12-27,2645801000,2429570000,86.745,2292219000
2018-12-27,61094000,55540000,87.745,54678400
2018-12-27,150260000,137980000,87.745,132377400
2018-12-27,139997000,127270000,87.745,122711140
2018-12-27,265411000,243720000,87.745,232581900
2018-12-27,1535533560,1410040000,86.745,1329831000
2018-12-27,84136140,77260000,87.745,74022880
2018-12-27,459850000,422268181,87.745,398712000
2018-12-27,258049000,234590000,87.745,227614730
2018-12-27,2732987000,2509630000,86.745,2378615000
2018-12-27,1925526240,1768160000,86.745,1647577880
2018-12-27,1543113000,1417000000,86.745,1317416000
2018-12-27,2029220820,1863380000,86.745,1738279710
2018-12-27,2433664530,2234770000,86.745,2132463338
2018-12-27,76175000,69250000,87.745,66903900
2018-12-27,2552180000,2343600000,86.745,2193720000
2018-12-27,1483361000,1362131818,86.745,1284309000
2018-12-27,779440860,715740000,87.745,678988633
2018-12-27,2450772000,2250480000,86.745,2128998300
2018-12-27,1665191000,1513810000,86.745,1454537800
2018-12-27,1576916000,1433560000,86.745,1379785000
2018-12-27,2420727000,2222890000,86.745,2105115580
2018-12-27,2827881118,2623266347,86.745,2458233668
2018-12-27,161553383,149310000,87.745,141937880
2018-12-27,45199000,41090000,87.745,39286624
2018-12-27,3031235000,2783503636,86.745,2632600139
2018-12-27,2836097000,2604313636,86.745,2463224200
2018-12-27,3340000000,3038710000,86.745,2901362000
2018-12-27,2384256000,2189400000,86.745,2057743180
2018-12-27,1156463000,1061950000,86.745,1010344000
2018-12-27,834348000,766160000,87.745,729066100
2018-12-27,2191133000,2012060000,86.745,1886866900
2018-12-27,120137000,109215455,87.745,105800500
2018-12-27,35893000,32630000,87.745,31888900
2018-12-27,102158000,92870910,87.495,88467480
2018-12-27,2559923190,2350710000,86.745,2207608100
2018-12-27,1903768020,1748180000,86.745,1630191210
2018-12-27,419749000,381590000,87.745,368402974
2018-12-27,1498335920,1362123564,86.745,1301569000
2018-12-27,1156804000,1051640000,86.745,995392200
2018-12-27,99470000,90427273,87.745,86788000
2018-12-27,366432000,333120000,87.745,323214400
2018-12-27,2662746000,2445130000,86.745,2292049900
2018-12-27,102213540,93860000,87.745,89943230
2018-12-27,630988000,579420000,87.745,557895800
2018-12-27,161117000,146470000,87.745,139781515
2018-12-27,1150276000,1045705455,86.745,990386200
2018-12-27,143000000,130000000,87.745,126671000
2018-12-27,772438000,709310000,87.745,687657015
2018-12-27,2108946510,1936590000,86.745,1820816000
2018-12-27,738302510,671184101,87.745,647520880
2018-12-27,2917664000,2652423027,86.745,2553377400
2018-12-27,471950000,433380000,87.745,421075000
2018-12-27,597256000,542960000,87.745,529553926
2018-12-27,239920613,218109648,87.745,210668800
2018-12-27,335445000,304950000,87.745,294172260
2018-12-27,368522000,335020000,87.745,321920030
2018-12-27,123390000,112172727,87.745,108449200
2018-12-27,8779610000,7981463636,85.495,7451049000
2018-12-27,2221560000,2040000000,86.745,1892259880
2018-12-27,2196207000,2145323124,86.745,1890694020
2018-12-27,2970476000,2900258907,86.745,2592690000
2018-12-27,210551000,191410000,87.745,185098157
2018-12-27,129129000,117390000,87.745,112974186
2018-12-27,129129000,117390000,87.745,112939743
2018-12-27,150436000,136760000,87.745,133000000
2018-12-27,432813000,393466364,87.745,383751395
2018-12-27,297315000,270286364,87.745,260527120
2018-12-27,120043613,109130550,87.745,105158680
2018-12-27,197161000,179237273,87.745,173803880
2018-12-27,1848737000,1680670000,86.745,1604999000
2018-12-27,125444000,114040000,87.745,111477220
2018-12-27,165000000,150000000,87.745,144391097
2018-12-27,442134000,406000000,87.745,388929660
2018-12-27,3746889000,3654044000,86.745,3235525000
2018-12-27,1813326000,1767151720,86.745,1571411000
2018-12-27,77319000,70290000,87.745,68448000
2018-12-27,1055592000,959629091,87.745,929220921
2018-12-27,179719000,163380909,87.745,155969000
2018-12-27,363319000,330290000,87.745,317980000
2018-12-27,542949000,493590000,87.745,478097800
2018-12-27,825149652,750136048,87.745,713958208
2018-12-27,406846000,369860000,87.745,357548000
2018-12-27,632016000,574560000,87.745,552316000
2018-12-27,1195326000,1086660000,86.745,1036937000
2018-12-27,152198000,139760000,87.745,134347400
2018-12-27,95073000,86430000,87.745,83169000
2018-12-27,1688026000,1550070000,86.745,1465065240
2018-12-27,2581614127,2394818300,86.745,2252129890
2018-12-27,2597014530,2384770000,86.745,2248551780
2018-12-27,1085700000,996970000,87.745,950800000
2018-12-27,751597000,683270000,87.745,654508800
2018-12-27,813956000,739960000,87.745,710046000
2018-12-27,255653000,234760000,87.745,224851900
2018-12-27,1665365000,1513968180,86.745,1433063898
2018-12-27,1841136000,1673760000,86.745,1585145500
2018-12-27,4564571000,4149610000,86.745,3908993000
2018-12-27,4435288000,4032080000,86.745,3865223408
2018-12-27,154670000,142030000,87.745,136326000
2018-12-27,630993000,573630000,87.745,558718000
2018-12-27,2150593000,1974833637,86.745,1879673700
2018-12-27,126750000,115227273,87.745,111852058
2018-12-27,8464497000,8464497000,85.495,7272832000
2018-12-27,15865948000,14856350000,81.395,12774900000
2018-12-27,149325000,135750000,87.745,132433000
2018-12-27,577714500,530500000,87.745,512434900
2018-12-27,74750000,67954546,87.745,70000000
2018-12-27,41514000,37740000,87.745,36574715
2018-12-27,1322332000,1202120000,86.745,1127890000
2018-12-27,1112718000,1021780000,86.745,959426000
2018-12-27,242484000,220440000,87.745,212528600
2018-12-27,8475274000,7704794545,85.995,7166662662
2018-12-27,5589881000,5081710000,85.995,4759091000
2018-12-27,69630000,63300000,87.745,61225000
2018-12-27,194875000,177159092,87.745,171354000
2018-12-27,858099000,780090000,87.745,761508900
2018-12-27,1578390000,1434900000,86.745,1383181000
2018-12-27,423350000,384863637,87.745,368975905
2018-12-27,577454000,524958182,87.745,510517000
2018-12-27,285208000,259280000,87.745,251108000
2018-12-27,1923751000,1766530000,86.745,1673044000
2018-12-27,134046000,121860000,87.745,117490810
2018-12-27,2350953000,2137230000,86.745,2009977000
2018-12-27,97757000,88870000,87.745,85554000
2018-12-27,612700000,557000000,87.745,533573360
2018-12-27,1275318000,1159380000,86.745,1109278000
2018-12-27,1604269700,1458427000,86.745,1361877790
2018-12-27,191663000,174239091,87.745,169989880
2018-12-27,348990000,348990000,87.745,309441500
2018-12-27,622827000,566206363,87.745,548195000
2018-12-27,2072693700,1903300000,86.745,1790993000
2018-12-27,147048000,133680000,87.745,129101850
2018-12-27,7279048392,6752364000,85.495,6224918252
2018-12-27,3764032000,3582690000,86.745,3294325759
2018-12-27,165244542,150222311,87.745,146395000
2018-12-27,1891241000,1719310000,86.745,1639656340
2018-12-27,133670000,121518182,87.745,117900040
2018-12-27,1848596000,1680541819,86.745,1579165400
2018-12-27,28041523000,26744670000,79.995,22383363600
2018-12-27,2969365850,2699423500,86.745,2600825000
2019-12-31,55110000,50100000,87.745,48457500
2019-12-31,4269446000,3920520000,86.745,3737925624
2019-12-31,383350000,348500000,87.745,339608700
2019-12-31,757939000,689035455,87.745,670824000
2019-12-31,199859000,181690000,87.745,175428010
2019-12-31,567640000,516036363,87.745,494943000
2019-12-31,1764603000,1604184545,86.745,1512757300
2019-12-31,965514000,877740000,87.745,845393000
2019-12-31,491051000,446410000,87.745,430669000
2019-12-31,1047277000,952070000,87.745,910074000
2019-12-31,7345316000,6677560000,85.995,6373164000
2019-12-31,839036000,762760000,87.745,737104000
2019-12-31,1915951000,1675570000,86.745,1682153000
2019-12-31,877631660,797846963,87.745,762719806
2019-12-31,26906000,24460000,87.745,23612800
2019-12-31,5083023000,4620930000,86.745,4389457000
2019-12-31,7536136000,7057000000,85.995,6552110990
2019-12-31,1364110170,1240100154,86.745,1172078800
2019-12-31,805236600,732033272,87.745,699235900
2019-12-31,589821568,546925454,87.745,511322775
2019-12-31,455299019,422186363,87.745,398727091
2019-12-31,353641176,327921818,87.745,310954000
2019-12-31,469636000,426941819,87.745,412003800
2019-12-31,2137651000,2026278988,86.745,1884000000
2019-12-31,3769700000,3392730000,86.745,3271105374
2019-12-31,515630000,473490000,87.745,451791800
2019-12-31,7290934000,6628121819,85.995,6262240600
2019-12-31,138622000,126020000,87.745,127530000
2019-12-31,596194000,547470000,87.745,523428500
2019-12-31,2749234000,2524550000,86.745,2386214000
2019-12-31,1346925731,1229096364,86.745,1151869000
2019-12-31,1723973894,1567944547,86.745,1478158670
2019-12-31,986562304,914022727,87.745,870853000
2019-12-31,2468555870,2258002727,86.745,2130385000
2019-12-31,5733717000,5212470000,85.495,4945596000
2019-12-31,4264704000,3877003637,86.745,3641799000
2019-12-31,165753920,153699090,87.745,144825270
2019-12-31,3100383000,2847000000,86.745,2657691800
2019-12-31,2575082000,2364630000,86.745,2253881013
2019-12-31,7308952000,7092437000,85.995,6365075000
2019-12-31,1252593160,1161495481,86.745,1087782150
2019-12-31,127423000,117010000,87.745,112065000
2019-12-31,3365020000,3090010000,86.745,2904160000
2019-12-31,1914568000,1740516364,86.745,1648905000
2019-12-31,1338579000,1216890000,86.745,1151950600
2019-12-31,527696000,484570000,87.745,459975000
2019-12-31,161286000,148105455,87.745,141718520
2019-12-31,3435740000,3123400000,86.745,2973483000
2019-12-31,4004746350,3640678500,86.745,3469112700
2019-12-31,3315587000,3014170000,86.745,2869361470
2019-12-31,2305963000,2096330000,86.745,2001173000
2019-12-31,287506300,287506300,87.745,249936866
2019-12-31,1896123067,1730536018,86.745,1628310900
2019-12-31,355109400,322826728,87.745,309241240
2019-12-31,424655000,389950000,87.745,369870000
2019-12-31,196096500,178269546,87.745,170756000
2019-12-31,403633000,366939090,87.745,357996600
2019-12-31,670127100,609206454,87.745,582746860
2019-12-31,457222000,419855454,87.745,404424000
2019-12-31,182549000,167630000,87.745,160245690
2019-12-31,16642968000,15584490000,81.395,13632700000
2019-12-31,415444100,377676454,87.745,361177000
2019-12-31,855855000,778050000,87.745,756945000
2019-12-31,1355474600,1256894636,86.745,1178442600
2019-12-31,21955903000,21155746000,79.995,19315500000
2019-12-31,142857000,129870000,87.745,124784170
2019-12-31,92235000,83850000,87.745,81056495
2019-12-31,44319000,40290000,87.745,38811800
2019-12-31,324335000,294850000,87.745,283864324
2019-12-31,851175000,773795450,87.745,743539000
2019-12-31,1706038290,1566610000,86.745,1473970000
2019-12-31,479450860,435527147,87.745,420411870
2019-12-31,455961000,414510000,87.745,401975000
2019-12-31,1934236660,1758396963,86.745,1660781500
2019-12-31,819832500,745302272,87.745,713104000
2019-12-31,772681000,702437272,87.745,671274800
2019-12-31,997556000,916030000,87.745,862683950
2019-12-31,1506417000,1369470000,86.745,1310794600
2019-12-31,336060000,305509091,86.745,320000000
2019-12-31,1060000000,963636364,87.745,933615000
2019-12-31,1276528000,1160480000,86.745,1111518800
2019-12-31,195030000,177300000,87.745,172229572
2019-12-31,17773692000,16642890000,81.395,14381928000
2019-12-31,13334028000,12485790000,81.395,10871579480
2019-12-31,10192887100,9266261000,85.995,8673764820
2019-12-31,208516000,189560000,87.745,183726780
2019-12-31,3340463000,3067460000,86.745,2896882900
2019-12-31,407924000,382310000,87.745,361099730
2019-12-31,333378000,306132727,87.745,292185000
2019-12-31,317455000,288595455,87.745,276192000
2019-12-31,31306000,28460000,87.745,27533627
2019-12-31,49181000,44710000,87.745,43553800
2019-12-31,2878499000,2643250000,86.745,2517805400
2019-12-31,521162000,473784034,87.745,457358000
2019-12-31,17583980000,16718430000,81.395,14217014000
2019-12-31,673232240,612029310,87.745,594060900
2019-12-31,2620110000,2534610620,86.745,2262345000
2019-12-31,417926000,379932728,87.745,362684000
2019-12-31,97504000,88640000,87.745,84690700
2019-12-31,815848000,741680000,87.745,720032000
2019-12-31,54703000,49730000,87.745,48210320
2019-12-31,181390000,170000000,87.745,158314717
2019-12-31,18055475000,17437640000,81.395,14610280700
2019-12-31,378253000,343866364,87.745,335611000
2019-12-31,739288000,672080000,87.745,654918000
2019-12-31,1534632000,1395120000,86.745,1326125000
2019-12-31,2251812000,2067780000,86.745,1959780000
2019-12-31,325403000,295820910,87.745,290850880
2019-12-31,240236000,218396364,87.745,210780000
2019-12-31,880638000,800580000,87.745,767708710
2019-12-31,620840000,564400000,87.745,548400000
2019-12-31,60835700,55305182,87.745,57200000
2019-12-31,141500000,128636364,87.745,123845540
2019-12-31,3145807000,2917239000,86.745,2743808000
2019-12-31,76311000,71520000,87.745,67343030
2019-12-31,140745000,127950000,87.745,123196234
2019-12-31,226627500,206025000,87.745,199436700
2019-12-31,116017000,105470000,87.745,102997300
2019-12-31,91509000,83190000,87.745,80150000
2019-12-31,511841000,465310000,87.745,456300900
2019-12-31,1823514000,1657740000,86.745,1602370000
2019-12-31,3853676000,3538730000,86.745,3324699900
2019-12-31,3488263000,3203180000,86.745,2979537100
2019-12-31,788327000,723900000,87.745,695528890
2019-12-31,497273000,466088000,87.745,442174700
2019-12-31,268812500,244375000,87.745,232733000
2019-12-31,424787000,386170000,87.745,372331000
2019-12-31,959153000,871957273,87.745,840918750
2019-12-31,488015000,443650000,87.745,428649880
2019-12-31,15178659000,14213030000,81.395,12339880000
2019-12-31,43972500,39975000,87.745,38513200
2019-12-31,1078044660,989940000,87.745,953164762
2019-12-31,1612930000,1466300000,86.745,1402112500
2019-12-31,1510575000,1373250000,86.745,1300397000
2019-12-31,360525000,327750000,87.745,314332300
2019-12-31,300971000,273610000,87.745,263734000
2019-12-31,53526000,48660000,87.745,47589100
2019-12-31,237534000,215940000,87.745,207941800
2019-12-31,354266000,322060000,87.745,306559000
2019-12-31,2128385160,1954440000,86.745,1842940733
2019-12-31,238381000,216710000,87.745,207237700
2019-12-31,15790190000,14785370000,81.395,12873503000
2019-12-31,158554000,153420910,87.745,141019480
2019-12-31,1958538000,1780489091,86.745,1686939000
2019-12-31,300971000,273610000,87.745,262859264
2019-12-31,511841000,465310000,87.745,456917000
2019-12-31,4378781000,3980710000,86.745,3784460140
2019-12-31,381204450,350050000,87.745,335074300
2019-12-31,372031000,338210000,87.745,325413500
2019-12-31,320060000,320060000,87.745,280920500
2019-12-31,7156992000,6420400000,85.995,6173322340
2019-12-31,217118000,197380000,87.745,190951200
2019-12-31,240790000,218900000,87.745,211604080
2019-12-31,243723000,221566364,87.745,215679783
2019-12-31,321189000,291990000,87.745,282503000
2019-12-31,167101000,151910000,87.745,145505000
2019-12-31,524012180,476374710,87.745,456162000
2019-12-31,3197198000,2906543637,86.745,2778640000
2019-12-31,131900000,119909091,87.745,115486300
2019-12-31,555852000,505320000,87.745,482730900
2019-12-31,133144000,120618000,87.745,115902000
2019-12-31,799513000,726830000,87.745,692985000
2019-12-31,1700281000,1545710000,86.745,1481968000
2019-12-31,8724275560,8093020000,85.495,7500980367
2019-12-31,2303002000,2176111000,86.745,1983174800
2019-12-31,436436000,396760000,87.745,384397560
2019-12-31,314435000,285850000,87.745,274233800
2019-12-31,672617000,611470000,87.745,591463000
2019-12-31,276900000,249000000,87.745,244085000
2019-12-31,2031170000,1865170000,86.745,1763629000
2019-12-31,3264107000,2967370000,86.745,2790276880
2019-12-31,136390000,127827000,87.745,119796400
2019-12-31,1612083000,1465530000,86.745,1378076880
2019-12-31,150531920,136847200,87.745,131592210
2019-12-31,1121087000,1019170000,86.745,971222700
2019-12-31,346182210,317890000,87.745,307188300
2019-12-31,894014000,820950000,87.745,792550000
2019-12-31,2388471030,2193270000,86.745,2068218696
2019-12-31,4203638010,3860090000,86.745,3649062000
2019-12-31,588582720,540480000,87.745,518109000
2019-12-31,459910000,418100000,87.745,407198000
2019-12-31,203199700,184727000,87.745,178908000
2019-12-31,3739288000,3433690000,86.745,3216723000
2019-12-31,3791701980,3481820000,86.745,3301284000
2019-12-31,1915692570,1759130000,86.745,1663463000
2019-12-31,876336120,804716363,87.745,774894000
2019-12-31,1348886000,1226260000,86.745,1174461451
2019-12-31,131487000,120741818,87.745,115352000
2019-12-31,233770000,212518182,87.745,207070200
2019-12-31,281721000,256110000,87.745,248308000
2019-12-31,88451000,80410000,87.745,76803240
2019-12-31,79959000,72690000,87.745,70891302
2019-12-31,3310098000,3009180000,86.745,2883403200
2019-12-31,404624000,367840000,87.745,356579000
2019-12-31,1597519000,1466960000,86.745,1406925000
2019-12-31,34770000,31609091,87.745,30649580
2019-12-31,185772000,170590000,87.745,162530900
2019-12-31,1465794000,1346000000,86.745,1270947400
2019-12-31,1704241000,1564960000,86.745,1494956790
2019-12-31,18805070000,17798302000,81.395,15214242300
2019-12-31,1050384000,964540000,87.745,919611900
2019-12-31,1881650000,1727870000,86.745,1627495500
2019-12-31,2387392289,2214649619,86.745,2064021313
2019-12-31,3326296000,3054450000,86.745,2892848440
2019-12-31,2619502000,2405420000,86.745,2268499400
2019-12-31,2097468000,1926050000,86.745,1815069205
2019-12-31,1228005000,1127645455,86.745,1071150400
2019-12-31,261930000,238120000,87.745,229846568
2019-12-31,15871155072,14722778361,82.395,13019335791
2019-12-31,1176032000,1079920000,86.745,1021832500
2019-12-31,1497543000,1388710000,86.745,1294986770
2019-12-31,232034000,210940000,87.745,205766147
2019-12-31,2430929947,2255037058,86.745,2109305894
2019-12-31,1118373000,1016702728,86.745,978592500
2019-12-31,1948991000,1771810000,86.745,1680694300
2019-12-31,354585000,322350000,87.745,311651440
2019-12-31,195388380,179420000,87.745,172416990
2019-12-31,218434000,198309365,87.745,190734000
2019-12-31,3644178000,3312889090,85.495,3127000000
2019-12-31,123516000,112287273,87.745,109614853
2019-12-31,4766117000,4376600000,86.745,4126992480
2019-12-31,206670000,189780000,87.745,180855600
2019-12-31,167417000,153735455,87.745,146677000
2019-12-31,2641707000,2425810000,86.745,2294413176
2019-12-31,3644388000,3313080000,86.745,3144695000
2019-12-31,2637492000,2421940000,86.745,2281703229
2019-12-31,48338000,41370000,87.745,42448000
2019-12-31,350919360,322240000,87.745,307391300
2019-12-31,604874160,555440000,87.745,530726260
2019-12-31,5310558000,4827780000,86.745,4611738900
2019-12-31,225049000,204590000,87.745,197776700
2019-12-31,334202000,303820000,87.745,291881000
2019-12-31,213302000,195870000,87.745,185579948
2019-12-31,277090000,251900000,87.745,243544000
2019-12-31,2698913000,2606225853,86.745,2330680000
2019-12-31,2987653000,2883097181,86.745,2589999247
2019-12-31,3160680930,2902370000,86.745,2710060177
2019-12-31,102728000,93389091,87.745,89772000
2019-12-31,401885000,365350000,87.745,353692000
2019-12-31,117898000,107180000,87.745,102905972
2019-12-31,163581000,148710000,87.745,142187511
2019-12-31,317383000,288530000,87.745,277066900
2019-12-31,68376000,62160000,87.745,60089000
2019-12-31,66143000,60130000,87.745,57979370
2019-12-31,81983000,74530000,87.745,71227700
2019-12-31,1524011000,1399460000,86.745,1304674000
2019-12-31,155000000,140909091,87.745,136356100
2019-12-31,87615000,79650000,87.745,77310800
2019-12-31,2687368000,2467740000,86.745,2316552670
2019-12-31,72946000,67305455,87.745,63923800
2019-12-31,1929863000,1746608000,86.745,1667656450
2019-12-31,941645430,864688181,87.745,836062000
2019-12-31,105182000,95620000,87.745,91776200
2019-12-31,112983750,103750000,87.745,98484800
2019-12-31,172192680,158120000,87.745,152570000
2019-12-31,91850000,83500000,87.745,80226000
2019-12-31,479446000,435860000,87.745,420833727
2019-12-31,198440000,180400000,87.745,172919880
2019-12-31,15765857000,14762880000,81.395,12734347108
2019-12-31,2727360000,2636067178,86.745,2377990000
2019-12-31,3069090000,2956908270,86.745,2628257888
2019-12-31,91674000,83340000,87.745,80177000
2019-12-31,94237000,85670000,87.745,82975000
2019-12-31,1261172000,1146520000,86.745,1094309970
2019-12-31,209990000,190900000,87.745,183953340
2019-12-31,369666000,336060000,87.745,323516500
2019-12-31,1671386200,1519442000,86.745,1451807000
2019-12-31,31000000,28181819,87.745,27337000
2019-12-31,89886060,82540000,87.745,79368000
2019-12-31,238867000,219345455,87.745,209231670
2019-12-31,230745000,209768182,87.745,201334000
2019-12-31,1759361000,1599419091,86.745,1519322000
2019-12-31,93000000,84545455,87.745,80814000
2019-12-31,135562000,123238182,87.745,117757888
2019-12-31,1135321000,1032110000,86.745,979713000
2019-12-31,260700000,237000000,87.745,218321000
2019-12-31,85000000,77272727,87.745,75510910
2019-12-31,5717844000,5198040000,85.995,4883821000
2019-12-31,97150000,88318182,87.745,85862800
2019-12-31,1631870000,1631870000,86.745,1438097960
2019-12-31,4193544740,3930220000,86.745,3648711800
2019-12-31,6071813000,5519830000,85.495,5165852900
2019-12-31,11609635000,10437320000,79.995,9342758000
2019-12-31,1022038213,929125648,87.745,894795000
2019-12-31,869762000,798680000,87.745,770354000
2019-12-31,1953721000,1776110000,86.745,1687154300
2019-12-31,456918000,415380000,87.745,399185510
2019-12-31,2252314646,2089345684,86.745,1952656000
2019-12-31,15232756124,13847960113,81.395,12394114329
2019-12-31,6557529000,5961390000,85.495,5606953700
2019-12-31,1574850000,1431682000,86.745,1302615880
2019-12-31,599555000,545050000,87.745,520152900
2019-12-31,1881780000,1710709091,86.745,1630402026
2019-12-31,1853599000,1685090000,86.745,1598753900
2019-12-31,311520000,283200000,87.745,276445600
2019-12-31,3907412860,3624687255,86.745,3386553381
2019-12-31,12491283000,12866643000,81.395,10199875000
2019-12-31,450876800,409888000,87.745,396670980
2020-12-29,3668291000,3334810000,86.745,3237174000
2020-12-23,2127374000,1933976363,86.745,1840401830
2020-12-23,717719000,652471818,87.745,630473760
2020-12-22,2034274000,1849340000,86.745,1774418431
2020-12-22,2782749462,2581400244,86.745,2419885000
2020-12-22,197252000,179320000,87.745,172169100
2020-12-22,1367885000,1243531818,86.745,1183277000
2020-12-22,519034000,471849091,87.745,453527000
2020-12-21,739574000,672340000,87.745,648845900
2020-12-18,111859000,101690000,87.745,97962000
2020-12-17,4530433000,4118575455,86.745,3952736755
2020-12-17,267718000,243380000,87.745,235054804
2020-12-17,463990195,430245454,87.745,411086446
2020-12-17,473645097,439198181,87.745,419129280
2020-12-16,5325749000,4841590000,86.745,4666230880
2020-12-16,1282874000,1166249090,86.745,1112804000
2020-12-16,302651960,280640909,87.745,262142000
2020-12-16,1391748590,1265225990,86.745,1210867270
2020-12-15,883619000,803290000,87.745,771628000
2020-12-15,4163500000,3785000000,86.745,3605087385
2020-12-15,5054109000,4594644550,86.745,4439885000
2020-12-15,546942000,497220000,87.745,477128970
2020-12-15,13900626000,12736130000,79.995,11264125000
2020-12-15,5450305060,4985867281,86.745,4764015000
2020-12-15,1375034000,1250030909,86.745,1192649700
2020-12-15,1340661738,1221050000,86.745,1190770000
2020-12-15,488472000,444065454,87.745,426073180
2020-12-15,1387511359,1279639090,86.745,1213303858
2020-12-14,498289000,452990000,87.745,440446820
2020-12-14,364485000,331350000,87.745,324445100
2020-12-14,485406000,441278180,87.745,424493000
2020-12-14,1551836000,1410760000,86.745,1336324319
2020-12-14,399731000,363391818,87.745,346515000
2020-12-11,92851000,84410000,87.745,81977200
2020-12-10,2366903000,2151730000,86.745,2062916760
2020-12-10,2127374000,1933976363,86.745,1843400000
2020-12-10,1574095000,1430995455,86.745,1361355730
2020-12-10,2154277258,1966736363,86.745,1866015000
2020-12-09,400730000,364300000,87.745,349446900
2020-12-09,2112231000,1920210000,86.745,1845699000
2020-12-09,446611000,406010000,87.745,394868100
2020-12-08,335049000,304590000,87.745,299023300
2020-12-08,940177520,848160000,87.745,830993000
2020-12-07,1895190000,1722900000,86.745,1651460000
2020-12-07,1722490000,1565900000,86.745,1491320000
2020-12-07,667392000,606720000,87.745,600722555
2020-12-07,951440000,864945454,87.745,847246550
2020-12-03,2302454000,2093140000,86.745,1995485646
2020-12-03,1047519000,952290000,87.745,917360000
2020-12-03,1295258000,1177507270,86.745,1136700300
2020-12-03,3943844157,3592376850,86.745,3415497502
2020-12-01,1894431000,1722210000,86.745,1661597000
2020-12-01,810513000,736830000,87.745,719341000
2020-12-01,574398000,522180000,87.745,504984400
2020-12-01,2677015000,2433650000,86.745,2398984000
2020-11-30,501100000,455545454,87.745,439327100
2020-11-30,1530628000,1391480000,86.745,1346678960
2020-11-30,295862000,268965454,87.745,257444000
2020-11-27,202090000,183718182,87.745,177101800
2020-11-27,213000000,193930000,87.745,185154000
2020-11-26,199348000,181225455,87.745,174772700
2020-11-25,2220767000,2110792000,86.745,1922558000
2020-11-25,956142000,869220000,87.745,842296100
2020-11-25,201860783,187180000,87.745,178120830
2020-11-24,185702000,168820000,87.745,162180827
2020-11-23,296951000,269955455,87.745,261370300
2020-11-23,488488000,444080000,87.745,434219000
2020-11-20,848045000,770950000,87.745,756015000
2020-11-19,500291000,454810000,87.745,447483000
2020-11-19,379728000,345207272,87.745,334609730
2020-11-19,2067318000,1879380000,86.745,1807242700
2020-11-19,394882441,366163718,87.745,345153100
2020-11-18,6661072000,6055520000,85.495,5768282950
2020-11-18,487025000,442750000,87.745,428510000
2020-11-17,7367754000,7177951000,85.495,6555666400
2020-11-17,5211971000,5077974000,85.495,4628845150
2020-11-17,912604000,829640000,87.745,801688000
2020-11-16,2071000000,1882727280,86.745,1835865285
2020-11-13,2869771606,2608883278,86.745,2512723440
2020-11-13,88649000,80590000,87.745,78493000
2020-11-12,169565000,154150000,87.745,149813522
2020-11-11,225555000,205050000,87.745,196375000
2020-11-10,417725000,379750000,87.745,371485000
2020-11-10,183744000,167040000,87.745,161131690
2020-11-10,1212125623,1105955518,86.745,1043022000
2020-11-06,164023000,149111819,87.745,142439596
2020-11-04,345840000,314400000,87.745,308163000
2020-11-04,5763067000,5239151987,85.995,4967443000
2020-11-03,576532000,524120000,87.745,508565000
2020-11-03,1005752000,914320000,87.745,893076800
2020-11-03,699861000,636238000,87.745,616861460
2020-10-30,524711000,477010000,87.745,460123000
2020-10-29,336446000,305860000,87.745,295743860
2020-10-28,90369000,82153637,87.745,80483000
2020-10-28,722557000,656870000,87.745,642305260
2020-10-28,20598480000,19289550000,81.395,16974420000
2020-10-27,294000000,267272728,87.745,258860040
2020-10-27,94000000,85454545,87.745,82013950
2020-10-23,68750000,62500000,87.745,59671700
2020-10-23,301848000,274407280,87.745,263265800
2020-10-23,3077811000,2798010000,86.745,2669215000
2020-10-20,165880000,150800000,87.745,143864300
2020-10-20,7989749000,7481450000,85.995,6888287470
2020-10-19,6131983000,5574530000,85.495,5247729170
2020-10-19,8601483000,7819530000,85.495,7405780000
2020-10-19,756646000,687860000,87.745,673765250
2020-10-19,2225179000,2022890000,86.745,1954854696
2020-10-19,53000000,48181818,87.745,46099240
2020-10-15,1141286000,1037532728,86.745,994185440
2020-10-15,7611385000,6988220000,85.995,6621098900
2020-10-15,16171158000,15142950000,81.395,13350520770
2020-10-15,15617859000,14624500000,81.395,12900150000
2020-10-14,648806500,589824092,87.745,577382888
2020-10-14,3168341000,2880310000,86.745,2751266000
2020-10-14,38220000,35454545,87.745,33435500
2020-10-14,3513770000,3271529000,86.745,3091203300
2020-10-13,151481000,137710000,87.745,133820770
2020-10-13,209902770,190820700,87.745,183959608
2020-10-13,51936000,47214546,87.745,45175090
2020-10-13,33902000,30820000,87.745,30148214
2020-10-07,581262000,528420000,87.745,510045600
2020-10-07,8302865000,7641100000,85.995,7195839663
2020-10-06,289234000,262940000,87.745,253618080
2020-10-06,66000000,60000000,87.745,64000000
2020-10-06,305878000,278070000,87.745,267713500
2020-10-06,493950000,449045454,87.745,438944900
2020-09-28,644350000,585772728,87.745,565818900
2020-09-28,374341000,340310000,87.745,328388700
2020-09-28,714241000,649310000,87.745,624182700
2020-09-28,134310000,122100000,87.745,118136800
2020-09-28,10577556000,9615960000,85.995,9403478810
2020-09-24,437334000,397576364,87.745,391111000
2020-09-23,4333098000,3939180000,86.745,3797059000
2020-09-22,2937616000,2670560000,86.745,2536217271
2020-09-22,668684000,607894545,87.745,581344770
2020-09-22,458776000,417069091,87.745,409600342
2020-09-18,111128000,101025455,87.745,98017100
2020-09-17,7604575000,6913250000,85.995,6686989000
2020-09-16,707108810,642826191,87.745,627250000
2020-09-16,2645937000,2405397272,86.745,2291712900
2020-09-15,573377200,526107000,87.745,507188000
2020-09-15,395131000,359210000,87.745,343706000
2020-09-15,529441000,481310000,87.745,460231000
2020-09-15,131890000,119900000,87.745,116346500
2020-09-15,69740000,63400000,87.745,61616160
2020-09-15,1924395000,1749450000,86.745,1692728800
2020-09-14,591987000,538170000,87.745,520274600
2020-09-14,579194000,526540000,87.745,512406400
2020-09-10,3157019000,2870018000,86.745,2805251500
2020-09-10,2148289000,1952990000,86.745,1879844420
2020-09-09,181203000,164730000,87.745,157967388
2020-09-08,289000000,263090909,87.745,255097270
2020-09-07,707278000,642980000,87.745,624233900
2020-09-07,743567000,675970000,87.745,662363000
2020-09-07,485595000,441450000,87.745,427833800
2020-09-07,716078000,650980000,87.745,631598000
2020-09-07,249073000,226430000,87.745,218268270
2020-09-04,60500000,55000000,87.745,53222228
2020-09-03,343537790,312307081,87.745,301428800
2020-09-02,98901000,89910000,87.745,86578800
2020-08-31,7195859000,6541690000,85.995,6185942900
2020-08-27,238636000,216941818,87.745,213000000
2020-08-27,370997000,337270000,87.745,326389900
2020-08-27,419727000,381570000,87.745,367806000
2020-08-26,1227930000,1116300000,86.745,1064429530
2020-08-26,75625000,68750000,87.745,66574277
2020-08-25,1105049000,1004590000,86.745,969995600
2020-08-24,1137092000,1033720000,86.745,997495900
2020-08-21,647226800,588388000,87.745,573935527
2020-08-20,437979000,398162728,87.745,440000000
2020-08-20,272577000,255481000,87.745,237456000
2020-08-19,776294000,705722673,87.745,687117000
2020-08-18,83752900,76139000,87.745,74453000
2020-08-14,219643000,199675455,87.745,193979000
2020-08-14,739585000,672350000,87.745,656555400
2020-08-14,246213000,223830000,87.745,216400000
2020-08-13,614174000,558340000,87.745,542544790
2020-08-12,602976000,548160000,87.745,531965195
2020-08-12,287763000,261602728,87.745,254370754
2020-08-11,3808255000,3462050000,86.745,3350521000
2020-08-11,165486000,150442591,87.745,144836500
2020-08-11,167642000,152402098,87.745,146469000
2020-08-11,162151000,147410245,87.745,143900000
2020-08-11,472359837,429418035,87.745,414933860
2020-08-11,126491359,114992145,87.745,110333900
2020-08-10,1725746000,1568860000,86.745,1498097000
2020-08-07,144237000,131125233,87.745,126560000
2020-08-06,3537908000,3216280000,86.745,3102619300
2020-08-04,10795719000,9814290000,85.495,9228306100
2020-08-04,391622000,356020000,87.745,344512600
2020-08-03,491172000,446520000,87.745,436807400
2020-08-03,1935000000,1811093636,86.745,1820269247
2020-08-03,292000000,265595109,87.745,254998900
2020-07-30,328000000,299061063,87.745,285911000
2020-07-28,354490080,322263709,87.745,309148000
2020-07-23,130262000,118420000,87.745,115355420
2020-07-23,4003480000,3748980000,86.745,3545039520
2020-07-21,2173244700,1975677000,86.745,1886023150
2020-07-21,133000000,121631818,87.745,115678900
2020-07-17,147598000,134180000,87.745,130467200
2020-07-17,170590490,155082263,87.745,148297000
2020-07-16,526306000,478460000,87.745,467541800
2020-07-16,683110000,657790000,87.745,602942880
2020-07-15,139744000,127040000,87.745,122162000
2020-07-15,3330652000,3027865455,86.745,2898397690
2020-07-15,426294000,387540000,87.745,378689670
2020-07-15,350031000,318210000,87.745,310710450
2020-07-15,6337660000,5972490000,85.995,5493022000
2020-07-14,910415000,827650000,87.745,812297000
2020-07-14,86328000,78480000,87.745,76235410
2020-07-14,3425972000,3114520000,86.745,3006716590
2020-07-13,544731000,495210000,87.745,478236660
2020-07-13,3123912000,2839920000,86.745,2729028000
2020-07-13,1025948000,932680000,87.745,911749840
2020-07-13,524579000,476890000,87.745,464135000
2020-07-13,399674000,363340000,87.745,349506000
2020-07-13,759219000,690199090,87.745,670783840
2020-07-10,198462000,180420000,87.745,175659660
2020-07-09,989087000,899170000,87.745,858450000
2020-07-09,249953000,227230000,87.745,220640900
2020-07-09,531608000,483280000,87.745,470233000
2020-07-09,240119000,218290000,87.745,210585900
2020-07-08,288200000,262000000,87.745,256160000
2020-07-08,1960592000,1782356364,86.745,1719796000
2020-07-08,220275000,200250000,87.745,192872700
2020-07-06,775874623,705340567,87.745,687560000
2020-07-06,49588000,45080000,87.745,43244600
2020-07-03,78584000,71440000,87.745,68321000
2020-07-03,183670000,166972727,87.745,159114977
2020-07-01,47600000,43272727,87.745,42051000
2020-06-29,547261000,497510000,87.745,478632440
2020-06-29,481503016,437730015,87.745,426962000
2020-06-29,2853831000,2594391819,86.745,2487396000
2020-06-25,197000000,179090909,87.745,171094500
2020-06-24,443487000,403170000,87.745,391880440
2020-06-23,190654000,173321818,87.745,171248755
2020-06-23,335813130,311390363,87.745,296142770
2020-06-23,484971000,440882727,87.745,423319030
2020-06-22,289339000,263035455,87.745,257559900
2020-06-22,658053000,598230000,87.745,577971078
2020-06-19,27383000,24893637,87.745,24151500
2020-06-17,5319257900,4835689000,86.745,4621557500
2020-06-17,65262000,59329091,87.745,57730440
2020-06-17,1183039000,1075490000,86.745,1033678680
2020-06-17,1049052000,982320000,87.745,929525000
2020-06-17,1211028580,1100935072,86.745,1045656200
2020-06-16,1137279000,1033890000,86.745,979796700
2020-06-16,2126943530,1933585028,86.745,1886443618
2020-06-16,4017879000,3628643636,86.745,3503206260
2020-06-16,129866000,118060000,87.745,114595800
2020-06-16,5582716000,5227480000,85.995,4834849770
2020-06-16,1110904220,1009912927,86.745,958666000
2020-06-16,898355930,816687209,87.745,787177000
2020-06-15,59300000,53909091,87.745,52358000
2020-06-15,345752000,314320000,87.745,307884600
2020-06-15,1365507000,1241370000,86.745,1189087000
2020-06-15,657327000,597570000,87.745,581208100
2020-06-15,1394003000,1267275454,86.745,1203936687
2020-06-12,422824000,384385454,85.495,364718000
2020-06-12,160290000,145718182,87.745,139847589
2020-06-11,1393172000,1266520000,86.745,1217621489
2020-06-11,193490000,175900000,87.745,172067880
2020-06-11,198814000,180740000,87.745,199800000
2020-06-11,1845547000,1677770000,86.745,1595153200
2020-06-09,592129000,538299090,87.745,517615990
2020-06-09,520736656,482864900,87.745,458949366
2020-06-09,28574004,25976370,87.745,24755046
2020-06-08,742715234,675195667,87.745,654449990
2020-06-08,74880000,68072728,87.745,65424000
2020-06-08,314510000,285918182,87.745,277015451
2020-06-08,233467000,212242720,87.745,205659000
2020-06-05,106623000,96930000,87.745,93657650
2020-06-05,324390000,294900000,87.745,283913600
2020-06-04,2515677637,2297757272,86.745,2176572000
2020-06-03,1854197650,1685634230,86.745,1610318000
2020-06-02,358500000,325909090,87.745,314142800
2020-06-01,1981177000,1801070000,86.745,1718617800
2020-06-01,7571300000,6883000000,85.995,6555465700
2020-06-01,40703009,37742790,87.745,35656430
2020-06-01,40668803,37711072,87.745,35782010
2020-05-29,1996542000,1851400000,86.745,1733578000
2020-05-28,605628000,550571738,87.745,533794600
2020-05-27,5232348000,4756680000,86.745,4476139900
2020-05-27,459514000,417740000,87.745,406231300
2020-05-27,664350000,603954545,87.745,589352000
2020-05-27,2721238000,2473852730,86.745,2358560000
2020-05-27,931285509,863555654,87.745,821849496
2020-05-26,1225653000,1114230000,86.745,1045267770
2020-05-26,401016000,364560000,87.745,349259900
2020-05-21,8577107000,7797370000,85.495,7407786328
2020-05-20,160126000,145569090,87.745,140156000
2020-05-20,342190000,311081819,87.745,306707000
2020-05-20,292340000,271086363,87.745,260253000
2020-05-18,208197000,189270000,87.745,182107740
2020-05-18,366916000,333560000,87.745,326207400
2020-05-15,3125247000,2841133640,86.745,2747122300
2020-05-14,1339668000,1217880000,86.745,1183705790
2020-05-14,1493002000,1357274119,86.745,1318725880
2020-05-12,4319513000,3926830000,86.745,3760560000
2020-05-12,6589121000,5990110000,85.995,5779780000
2020-05-12,720698000,655180000,87.745,631576150
2020-05-08,5384199000,5174040000,85.995,4639962500
2020-05-07,570559000,518690000,87.745,504665000
2020-05-07,17299145000,16199450000,81.395,13956500000
2020-05-06,324093000,294630000,87.745,283498000
2020-05-06,457426736,415842488,87.745,403573000
2020-04-29,2641733254,2401575686,86.745,2301932000
2020-04-29,19469940000,18483930000,81.395,15632030700
2020-04-27,71200000,64727273,87.745,62496681
2020-04-27,218625000,198750000,87.745,192057000
2020-04-24,206371000,187610000,87.745,182578000
2020-04-23,266500000,242272727,87.745,223468538
2020-04-23,2757538257,2506852961,86.745,2402691340
2020-04-23,83958000,76325454,87.745,73479400
2020-04-21,482662700,438784272,87.745,422137183
2020-04-21,4148644000,4148644000,86.335,3631098000
2020-04-17,1808249000,1643862728,86.745,1589653390
2020-04-17,17764569000,16928820000,81.395,14503680000
2020-04-17,980265000,891150000,87.745,863155000
2020-04-16,7172950000,6517903000,85.495,6087182061
2020-04-13,988031000,898210000,87.745,874463000
2020-04-10,137765000,125240909,87.745,119605000
2020-04-08,221424000,201294546,87.745,193328410
2020-04-08,250483000,227711818,87.745,221384001
2020-04-08,356176000,323796364,87.745,313134000
2020-04-08,250200000,227454545,87.745,218444000
2020-04-08,1452839700,1320763363,86.745,1254302200
2020-04-08,355042800,322766181,87.745,311370080
2020-04-07,728292000,662083636,87.745,633148000
2020-04-06,525976000,478160000,87.745,460259000
2020-04-06,46760000,42509091,87.745,40778000
2020-04-02,365640000,332400000,87.745,318292400
2020-04-02,1470453000,1434370000,86.745,1279846000
2020-04-01,128876000,117160000,87.745,112601000
2020-03-30,343882000,312620000,87.745,303321281
2020-03-30,852862000,775329090,87.745,746302200
2020-03-30,2739814000,2490740000,86.745,2381166700
2020-03-30,511388000,464898182,87.745,454684880
2020-03-27,553354000,503049091,87.745,486012320
2020-03-26,616770000,560700000,87.745,548144000
2020-03-26,238205000,216550000,87.745,208954250
2020-03-24,66187000,60170000,87.745,57800970
2020-03-24,904651000,822410000,87.745,798921030
2020-03-24,5858665000,5447982000,85.995,5072425120
2020-03-24,508023439,461855454,87.745,444618770
2020-03-23,229372000,208520000,87.745,202467000
2020-03-23,435160000,395600000,87.745,383265300
2020-03-20,4270532000,3985561000,86.745,3722678700
2020-03-18,2786092620,2532811473,86.745,2409038000
2020-03-17,1148287800,1043898000,86.745,992231000
2020-03-09,1893375000,1721250000,86.745,1654544000
2020-03-04,7824003000,7589180873,85.495,6775430000
2020-03-04,7824003000,7589180873,85.495,6792895000
2020-03-04,7824003000,7589180873,85.495,6718731000
2020-03-04,7824003000,7589180873,85.495,6775430000
2020-03-02,3361623210,3086890000,86.745,2909164000
2020-02-26,954860000,868054547,87.745,840523000
2020-02-26,866338000,787580000,87.745,753557096
2020-02-26,2317579000,2106890000,86.745,1992222222
2020-02-25,840810000,764372728,87.745,742691000
2020-02-25,2372223150,2178350000,86.745,2030785888
2020-02-24,277453000,252230000,87.745,241864670
2020-02-21,119031000,108210000,87.745,104800480
2020-02-17,2474219000,2249290000,86.745,2156718310
2020-02-17,485170000,441064000,87.745,429139400
2020-02-14,2410337600,2191216000,86.745,2095215000
2020-02-13,5352369000,4865790000,86.745,4649702790
2020-02-11,575300000,523000000,87.745,503054000
2020-02-11,3460463000,3208800000,86.745,3006314700
2020-02-05,92070000,83700000,87.745,81546400
2020-02-04,164484000,149530910,87.745,143819035
2020-02-04,124231000,112937274,87.745,108688302
2020-01-31,2240298000,2036634545,86.745,1936647000
2020-01-28,695475000,632250000,87.745,611983000
2020-01-23,3342239010,3069090000,86.745,2916381700
2020-01-21,6048482000,5498620000,85.495,5246619000
2020-01-20,92070000,83700000,87.745,80781700
2020-01-20,304304000,276640000,87.745,265404000
2020-01-16,2488776903,2262524457,86.745,2156034393
2020-01-16,4307050000,3915500000,86.745,3720780000
2020-01-13,389224000,353840000,87.745,344885000
2020-01-13,64381680,59120000,87.745,56507156
2020-01-13,2533113990,2326091819,86.745,2177887800
2020-01-13,4772941130,4339037391,86.745,4144848000
2020-01-10,388146000,352860000,87.745,342123000
2021-03-30,58267000,52970000,87.745,51188140
2021-03-29,639210000,581100000,87.745,562995000
2021-03-29,611803000,556184546,87.745,543449280
2021-03-29,284786000,258896364,87.745,253029000
2021-03-29,434940000,395400000,87.745,387399000
2021-03-26,205260000,186600000,87.745,179847000
2021-03-25,391846000,356223637,87.745,357618620
2021-03-25,470894000,428085455,87.745,433660947
2021-03-25,371871000,338064546,87.745,341135700
2021-03-24,396715000,360650000,87.745,347325300
2021-03-23,1633577000,1485070000,86.745,1432700000
2021-03-23,9302473000,8456793636,85.995,8007267000
2021-03-23,4778939000,4344490000,86.745,4193806490
2021-03-23,344200910,312909918,87.745,300693000
2021-03-22,618772000,562520000,87.745,542136800
2021-03-22,4618735000,4198850000,86.745,4024978900
2021-03-18,374693000,340630000,87.745,328019350
2021-03-18,434582000,395074727,87.745,381350677
2021-03-17,283946000,258133090,87.745,249570371
2021-03-17,257203000,233820909,87.745,226311884
2021-03-16,226699000,206090000,87.745,199034000
2021-03-16,352990000,320900000,87.745,312017320
2021-03-16,240000000,218181818,87.745,212351884
2021-03-16,244000000,221818181,87.745,213650000
2021-03-15,341495000,310450000,87.745,302969700
2021-03-11,89750184,81591076,87.745,79345000
2021-03-11,742071000,674610000,87.745,648133787
2021-03-09,460306000,418460000,87.745,402582900
2021-03-04,5831111000,5301010000,85.495,5031842040
2021-03-03,240515000,218650000,87.745,213452896
2021-03-02,217987000,198170000,87.745,191279000
2021-03-02,390171100,354701000,87.745,343867400
2021-03-02,778250000,707500000,87.745,680838000
2021-02-25,245577000,223251819,87.745,214920960
2021-02-25,373428000,339480000,87.745,325384283
2021-02-25,354322000,322110910,87.745,314480000
2021-02-24,319000000,298740000,87.745,281314620
2021-02-24,364892000,331720000,87.745,319389471
2021-02-23,51398600,46502000,87.745,45375487
2021-02-23,290290000,263900000,87.745,255102450
2021-02-23,252520060,229563690,87.745,219959400
2021-02-22,171600000,156000000,87.745,149930100
2021-02-18,1628979000,1480890000,86.745,1429764000
2021-02-17,3886267000,3532970000,86.745,3406439000
2021-02-17,340637000,309670000,87.745,298127000
2021-02-08,991620160,901472872,87.745,883913000
2021-02-04,4100789000,3727990000,86.745,3586447000
2021-02-04,302741000,275219090,87.745,264068000
2021-02-02,283723000,257930000,87.745,249529072
2021-02-02,363605000,330550000,87.745,319510376
2021-02-02,1067583000,970530000,87.745,960668000
2021-02-02,307989000,279990000,87.745,272636800
2021-02-01,10122981000,9202710000,85.995,8782300000
2021-02-01,348610000,316918182,87.745,308606550
2021-02-01,7896218000,7178380000,85.995,6749917700
2021-02-01,8894116000,8085560000,85.995,7657658000
2021-01-29,667800000,607090909,86.745,583151000
2021-01-27,433230000,393845454,87.745,379955100
2021-01-26,914870000,831700000,87.745,821081000
2021-01-26,937112000,851920000,87.745,827685431
2021-01-26,504570000,458700000,87.745,441337287
2021-01-25,231198000,210180000,87.745,204539000
2021-01-20,367601000,333941848,87.745,324215924
2021-01-19,662827000,602570000,87.745,582843800
2021-01-19,3479148000,3162861820,86.745,3040116940
2021-01-19,54706000,49732727,87.745,48085970
2021-01-19,217701000,197910000,87.745,190426710
2021-01-19,213411000,194010000,87.745,185184167
2021-01-15,13897623000,12012610000,81.395,11319454000
2021-01-12,555027000,504570000,87.745,486275000
2021-01-12,634271000,576610000,87.745,560889000
2021-01-08,5442853000,4948048269,86.745,4735843000
2021-01-08,21640024000,20541950000,81.395,17815492000
2021-01-04,4389940000,3990854550,86.745,3879674000
